{"type": "FeatureCollection", "features": [{"type": "Feature", "properties": {"scalerank": 1, "featurecla": "Admin-0country", "labelrank": 3.0, "sovereignt": "Afghanistan", "sov_a3": "AFG", "adm0_dif": 0.0, "level": 2.0, "type": "Sovereigncountry", "admin": "Afghanistan", "adm0_a3": "AFG", "geou_dif": 0.0, "geounit": "Afghanistan", "gu_a3": "AFG", "su_dif": 0.0, "subunit": "Afghanistan", "su_a3": "AFG", "brk_diff": 0.0, "name": "Afghanistan", "name_long": "Afghanistan", "brk_a3": "AFG", "brk_name": "Afghanistan", "brk_group": null, "abbrev": "Afg.", "postal": "AF", "formal_en": "IslamicStateofAfghanistan", "formal_fr": null, "note_adm0": null, "note_brk": null, "name_sort": "Afghanistan", "name_alt": null, "mapcolor7": 5.0, "mapcolor8": 6.0, "mapcolor9": 8.0, "mapcolor13": 7.0, "pop_est": 28400000.0, "gdp_md_est": 22270.0, "pop_year": -99.0, "lastcensus": 1979.0, "gdp_year": -99.0, "economy": "7.Leastdevelopedregion", "income_grp": "5.Lowincome", "wikipedia": -99.0, "fips_10": null, "iso_a2": "AF", "iso_a3": "AFG", "iso_n3": "004", "un_a3": "004", "wb_a2": "AF", "wb_a3": "AFG", "woe_id": -99.0, "adm0_a3_is": "AFG", "adm0_a3_us": "AFG", "adm0_a3_un": -99.0, "adm0_a3_wb": -99.0, "continent": "Asia", "region_un": "Asia", "subregion": "SouthernAsia", "region_wb": "SouthAsia", "name_len": 11.0, "long_len": 11.0, "abbrev_len": 4.0, "tiny": -99.0, "homepart": 1.0}, "geometry": {"type": "Polygon", "coordinates": [[[61.210817091725744, 35.650072333309225], [62.230651483005886, 35.270663967422294], [62.98466230657661, 35.40404083916762], [63.19353844590035, 35.857165635718914], [63.98289594915871, 36.0079574651466], [64.5464791197339, 36.31207326918427], [64.7461051776774, 37.111817735333304], [65.58894778835784, 37.30521678318564], [65.74563073106683, 37.66116404881207], [66.21738488145934, 37.39379018813392], [66.51860680528867, 37.36278432875879], [67.07578209825962, 37.35614390720929], [67.82999962755952, 37.144994004864685], [68.13556237170138, 37.02311513930431], [68.85944583524594, 37.344335842430596], [69.19627282092438, 37.15114350030743], [69.51878543485796, 37.60899669041342], [70.11657840361033, 37.58822276463209], [70.27057417184014, 37.735164699854025], [70.3763041523093, 38.13839590102752], [70.80682050973289, 38.486281643216415], [71.34813113799026, 38.25890534113216], [71.23940392444817, 37.953265082341886], [71.54191775908478, 37.905774441065645], [71.44869347523024, 37.06564484308052], [71.8446382994506, 36.73817129164692], [72.1930408059624, 36.948287665345674], [72.63688968291729, 37.047558091778356], [73.26005577992501, 37.495256862939], [73.9486959166465, 37.4215662704908], [74.98000247589542, 37.419990139305895], [75.15802778514092, 37.13303091078912], [74.57589277537298, 37.02084137628346], [74.06755171091783, 36.83617564548845], [72.92002485544447, 36.72000702569632], [71.84629194528392, 36.50994232842986], [71.26234826038575, 36.074387518857804], [71.49876793812109, 35.650563259416], [71.61307620635071, 35.153203436822864], [71.11501875192164, 34.733125718722235], [71.15677330921346, 34.34891144463215], [70.8818030129884, 33.98885590263852], [69.9305432473596, 34.02012014417511], [70.3235941913716, 33.35853261975839], [69.68714725126486, 33.105498969041236], [69.26252200712256, 32.5019440780883], [69.31776411324256, 31.901412258424443], [68.92667687365767, 31.620189113892067], [68.55693200060932, 31.713310044882018], [67.79268924344478, 31.58293040620963], [67.68339358914747, 31.30315420178142], [66.93889122911847, 31.304911200479353], [66.38145755398602, 30.738899237586452], [66.34647260932442, 29.887943427036177], [65.0468620136161, 29.472180691031905], [64.35041873561852, 29.560030625928093], [64.14800215033125, 29.340819200145972], [63.55026085801117, 29.468330796826166], [62.54985680527278, 29.31857249604431], [60.87424848820879, 29.829238999952608], [61.781221551363444, 30.735850328081238], [61.69931440618083, 31.379506130492672], [60.94194461451113, 31.548074652628753], [60.863654819588966, 32.18291962333443], [60.536077915290775, 32.98126882581157], [60.963700392506006, 33.52883230237626], [60.52842980331158, 33.676446031218006], [60.80319339380745, 34.40410187431986], [61.210817091725744, 35.650072333309225]]]}}, {"type": "Feature", "properties": {"scalerank": 1, "featurecla": "Admin-0country", "labelrank": 3.0, "sovereignt": "Bangladesh", "sov_a3": "BGD", "adm0_dif": 0.0, "level": 2.0, "type": "Sovereigncountry", "admin": "Bangladesh", "adm0_a3": "BGD", "geou_dif": 0.0, "geounit": "Bangladesh", "gu_a3": "BGD", "su_dif": 0.0, "subunit": "Bangladesh", "su_a3": "BGD", "brk_diff": 0.0, "name": "Bangladesh", "name_long": "Bangladesh", "brk_a3": "BGD", "brk_name": "Bangladesh", "brk_group": null, "abbrev": "Bang.", "postal": "BD", "formal_en": "People'sRepublicofBangladesh", "formal_fr": null, "note_adm0": null, "note_brk": null, "name_sort": "Bangladesh", "name_alt": null, "mapcolor7": 3.0, "mapcolor8": 4.0, "mapcolor9": 7.0, "mapcolor13": 7.0, "pop_est": 156050883.0, "gdp_md_est": 224000.0, "pop_year": -99.0, "lastcensus": 2011.0, "gdp_year": -99.0, "economy": "7.Leastdevelopedregion", "income_grp": "5.Lowincome", "wikipedia": -99.0, "fips_10": null, "iso_a2": "BD", "iso_a3": "BGD", "iso_n3": "050", "un_a3": "050", "wb_a2": "BD", "wb_a3": "BGD", "woe_id": -99.0, "adm0_a3_is": "BGD", "adm0_a3_us": "BGD", "adm0_a3_un": -99.0, "adm0_a3_wb": -99.0, "continent": "Asia", "region_un": "Asia", "subregion": "SouthernAsia", "region_wb": "SouthAsia", "name_len": 10.0, "long_len": 10.0, "abbrev_len": 5.0, "tiny": -99.0, "homepart": 1.0}, "geometry": {"type": "Polygon", "coordinates": [[[92.67272098182556, 22.041238918541254], [92.65225711463799, 21.324047552978485], [92.30323449093868, 21.47548533780982], [92.36855350135562, 20.670883287025347], [92.08288618364614, 21.19219513598577], [92.02521528520839, 21.701569729086767], [91.83489098507744, 22.182935695885565], [91.41708702999766, 22.76501902922122], [90.49600630082728, 22.80501658781513], [90.58695682166098, 22.392793687422866], [90.27297081905556, 21.83636770272011], [89.84746707556428, 22.039146023033425], [89.70204959509493, 21.857115790285306], [89.41886274613549, 21.9661789006373], [89.03196129756623, 22.055708319582976], [88.87631188350309, 22.87914642993783], [88.52976972855379, 23.631141872649167], [88.69994022009092, 24.23371491138856], [88.08442223506242, 24.501657212821925], [88.30637251175602, 24.866079413344206], [88.93155398962308, 25.238692328384776], [88.2097892598025, 25.768065700782714], [88.56304935094977, 26.446525580342723], [89.35509402868729, 26.014407253518073], [89.83248091019962, 25.96508209889548], [89.92069258012185, 25.26974986419218], [90.87221072791212, 25.132600612889547], [91.79959598182208, 25.147431748957317], [92.37620161333481, 24.976692816664965], [91.91509280799443, 24.130413723237112], [91.46772993364368, 24.072639471934792], [91.15896325069973, 23.50352692310439], [91.70647505083211, 22.985263983649187], [91.86992760617132, 23.624346421802784], [92.14603478390681, 23.627498684172593], [92.67272098182556, 22.041238918541254]]]}}, {"type": "Feature", "properties": {"scalerank": 1, "featurecla": "Admin-0country", "labelrank": 6.0, "sovereignt": "Brunei", "sov_a3": "BRN", "adm0_dif": 0.0, "level": 2.0, "type": "Sovereigncountry", "admin": "Brunei", "adm0_a3": "BRN", "geou_dif": 0.0, "geounit": "Brunei", "gu_a3": "BRN", "su_dif": 0.0, "subunit": "Brunei", "su_a3": "BRN", "brk_diff": 0.0, "name": "Brunei", "name_long": "BruneiDarussalam", "brk_a3": "BRN", "brk_name": "Brunei", "brk_group": null, "abbrev": "Brunei", "postal": "BN", "formal_en": "NegaraBruneiDarussalam", "formal_fr": null, "note_adm0": null, "note_brk": null, "name_sort": "Brunei", "name_alt": null, "mapcolor7": 4.0, "mapcolor8": 6.0, "mapcolor9": 6.0, "mapcolor13": 12.0, "pop_est": 388190.0, "gdp_md_est": 20250.0, "pop_year": -99.0, "lastcensus": 2001.0, "gdp_year": -99.0, "economy": "6.Developingregion", "income_grp": "2.Highincome:nonOECD", "wikipedia": -99.0, "fips_10": null, "iso_a2": "BN", "iso_a3": "BRN", "iso_n3": "096", "un_a3": "096", "wb_a2": "BN", "wb_a3": "BRN", "woe_id": -99.0, "adm0_a3_is": "BRN", "adm0_a3_us": "BRN", "adm0_a3_un": -99.0, "adm0_a3_wb": -99.0, "continent": "Asia", "region_un": "Asia", "subregion": "South-EasternAsia", "region_wb": "EastAsia&Pacific", "name_len": 6.0, "long_len": 17.0, "abbrev_len": 6.0, "tiny": 2.0, "homepart": 1.0}, "geometry": {"type": "Polygon", "coordinates": [[[114.20401655482837, 4.525873928236805], [114.59996137904872, 4.900011298029966], [115.45071048386981, 5.447729803891534], [115.40570031134361, 4.955227565933839], [115.34746097215066, 4.316636053887009], [114.8695573263154, 4.348313706881925], [114.65959598191353, 4.007636826997754], [114.20401655482837, 4.525873928236805]]]}}, {"type": "Feature", "properties": {"scalerank": 1, "featurecla": "Admin-0country", "labelrank": 5.0, "sovereignt": "Bhutan", "sov_a3": "BTN", "adm0_dif": 0.0, "level": 2.0, "type": "Sovereigncountry", "admin": "Bhutan", "adm0_a3": "BTN", "geou_dif": 0.0, "geounit": "Bhutan", "gu_a3": "BTN", "su_dif": 0.0, "subunit": "Bhutan", "su_a3": "BTN", "brk_diff": 0.0, "name": "Bhutan", "name_long": "Bhutan", "brk_a3": "BTN", "brk_name": "Bhutan", "brk_group": null, "abbrev": "Bhutan", "postal": "BT", "formal_en": "KingdomofBhutan", "formal_fr": null, "note_adm0": null, "note_brk": null, "name_sort": "Bhutan", "name_alt": null, "mapcolor7": 5.0, "mapcolor8": 6.0, "mapcolor9": 1.0, "mapcolor13": 8.0, "pop_est": 691141.0, "gdp_md_est": 3524.0, "pop_year": -99.0, "lastcensus": 2005.0, "gdp_year": -99.0, "economy": "7.Leastdevelopedregion", "income_grp": "4.Lowermiddleincome", "wikipedia": -99.0, "fips_10": null, "iso_a2": "BT", "iso_a3": "BTN", "iso_n3": "064", "un_a3": "064", "wb_a2": "BT", "wb_a3": "BTN", "woe_id": -99.0, "adm0_a3_is": "BTN", "adm0_a3_us": "BTN", "adm0_a3_un": -99.0, "adm0_a3_wb": -99.0, "continent": "Asia", "region_un": "Asia", "subregion": "SouthernAsia", "region_wb": "SouthAsia", "name_len": 6.0, "long_len": 6.0, "abbrev_len": 6.0, "tiny": -99.0, "homepart": 1.0}, "geometry": {"type": "Polygon", "coordinates": [[[91.69665652869668, 27.771741848251665], [92.10371178585974, 27.452614040633208], [92.03348351437509, 26.83831045176356], [91.21751264848643, 26.808648179628022], [90.37327477413407, 26.87572418874288], [89.74452762243885, 26.719402981059957], [88.83564253128938, 27.098966376243762], [88.81424848832056, 27.299315904239364], [89.47581017452111, 28.042758897406397], [90.01582889197118, 28.296438503527217], [90.7305139505678, 28.064953925075756], [91.25885379431992, 28.040614325466294], [91.69665652869668, 27.771741848251665]]]}}, {"type": "Feature", "properties": {"scalerank": 1, "featurecla": "Admin-0country", "labelrank": 2.0, "sovereignt": "Indonesia", "sov_a3": "IDN", "adm0_dif": 0.0, "level": 2.0, "type": "Sovereigncountry", "admin": "Indonesia", "adm0_a3": "IDN", "geou_dif": 0.0, "geounit": "Indonesia", "gu_a3": "IDN", "su_dif": 0.0, "subunit": "Indonesia", "su_a3": "IDN", "brk_diff": 0.0, "name": "Indonesia", "name_long": "Indonesia", "brk_a3": "IDN", "brk_name": "Indonesia", "brk_group": null, "abbrev": "Indo.", "postal": "INDO", "formal_en": "RepublicofIndonesia", "formal_fr": null, "note_adm0": null, "note_brk": null, "name_sort": "Indonesia", "name_alt": null, "mapcolor7": 6.0, "mapcolor8": 6.0, "mapcolor9": 6.0, "mapcolor13": 11.0, "pop_est": 240271522.0, "gdp_md_est": 914600.0, "pop_year": -99.0, "lastcensus": 2010.0, "gdp_year": -99.0, "economy": "4.Emergingregion:MIKT", "income_grp": "4.Lowermiddleincome", "wikipedia": -99.0, "fips_10": null, "iso_a2": "ID", "iso_a3": "IDN", "iso_n3": "360", "un_a3": "360", "wb_a2": "ID", "wb_a3": "IDN", "woe_id": -99.0, "adm0_a3_is": "IDN", "adm0_a3_us": "IDN", "adm0_a3_un": -99.0, "adm0_a3_wb": -99.0, "continent": "Asia", "region_un": "Asia", "subregion": "South-EasternAsia", "region_wb": "EastAsia&Pacific", "name_len": 9.0, "long_len": 9.0, "abbrev_len": 5.0, "tiny": -99.0, "homepart": 1.0}, "geometry": {"type": "MultiPolygon", "coordinates": [[[[120.71560875863045, -10.239581394087864], [120.2950142762069, -10.258649997603527], [118.96780846565471, -9.557969252158031], [119.90030968636162, -9.361340427287516], [120.42575564990543, -9.665921319215798], [120.77550174365675, -9.969675388227458], [120.71560875863045, -10.239581394087864]]], [[[124.43595014861941, -10.140000909061442], [123.57998172413673, -10.359987481327963], [123.45998904835503, -10.239994805546175], [123.55000939340746, -9.90001555749798], [123.98000898650812, -9.290026950724695], [124.96868248911622, -8.892790215697048], [125.07001997284064, -9.089987481322837], [125.0885201356011, -9.393173109579322], [124.43595014861941, -10.140000909061442]]], [[[117.90001834520777, -8.095681247594925], [118.2606164897405, -8.362383314653329], [118.87845991422213, -8.28068287519983], [119.1265067892231, -8.705824883665073], [117.97040164598931, -8.906639499551261], [117.27773074754904, -9.040894870645559], [116.74014082241663, -9.03293670007264], [117.08373742072533, -8.457157891476541], [117.63202436734215, -8.449303073768192], [117.90001834520777, -8.095681247594925]]], [[[122.90353722543611, -8.094234307490737], [122.75698286345633, -8.64980763106064], [121.25449059457011, -8.933666273639943], [119.92439090380961, -8.810417982623875], [119.92092858284613, -8.444858900591072], [120.71509199430758, -8.236964613480865], [121.34166873584658, -8.536739597206022], [122.00736453663043, -8.460620212440162], [122.90353722543611, -8.094234307490737]]], [[[108.62347863162896, -6.777673841990676], [110.53922732955331, -6.877357679881683], [110.75957563684594, -6.465186455921753], [112.61481123255638, -6.946035658397591], [112.97876834518812, -7.59421314863458], [114.47893517462117, -7.776527601760279], [115.70552697150109, -8.370806573116866], [114.56451134649652, -8.751816908404834], [113.4647335144609, -8.348947442257426], [112.55967247930104, -8.376180922075164], [111.52206139531248, -8.302128594600958], [110.58614953007432, -8.122604668819022], [109.4276672709552, -7.740664157749762], [108.69365522668133, -7.641600437046222], [108.27776329959633, -7.766657403192582], [106.45410200401616, -7.354899590690948], [106.28062422081231, -6.924899997590202], [105.36548628135554, -6.85141611087117], [106.05164594932708, -5.8959188777945], [107.2650085795402, -5.954985039904059], [108.0720910990747, -6.345762220895239], [108.48684614464926, -6.421984958525769], [108.62347863162896, -6.777673841990676]]], [[[134.72462446506668, -6.214400730009288], [134.21013390516893, -6.895237725454706], [134.11277550673103, -6.142467136259015], [134.2903357280858, -5.783057549669039], [134.4996252788679, -5.445042006047899], [134.72700158095213, -5.73758228925216], [134.72462446506668, -6.214400730009288]]], [[[127.24921512258894, -3.45906503663889], [126.87492272349888, -3.79098276124958], [126.18380211802733, -3.607376397316557], [125.98903364471929, -3.177273451351326], [127.00065148326499, -3.12931772218441], [127.24921512258894, -3.45906503663889]]], [[[130.4713440288518, -3.09376433676762], [130.8348360535928, -3.858472181822762], [129.99054650280814, -3.446300957862817], [129.15524865124243, -3.362636813982249], [128.59068362845366, -3.428679294451257], [127.89889122936236, -3.393435967628193], [128.1358793478528, -2.843650404474914], [129.37099775606092, -2.802154229344552], [130.4713440288518, -3.09376433676762]]], [[[134.1433679546478, -1.151867364103595], [134.42262739475305, -2.769184665542383], [135.4576029806947, -3.367752780779114], [136.2933142437188, -2.30704233155609], [137.44073774632753, -1.703513278819372], [138.3297274110448, -1.702686455902651], [139.18492068904297, -2.051295668143638], [139.92668419816042, -2.409051608900285], [141.00021040259188, -2.600151055515624], [141.01705691951904, -5.859021905138022], [141.0338517600139, -9.117892754760419], [140.14341515519257, -8.297167657100957], [139.12776655492812, -8.096042982620943], [138.88147667862498, -8.380935153846096], [137.61447391169284, -8.411682631059762], [138.0390991558352, -7.597882175327356], [138.6686214540148, -7.320224704623072], [138.40791385310237, -6.232849216337485], [137.92783979711086, -5.393365573756], [135.98925011611348, -4.546543877789048], [135.16459760959972, -4.462931410340772], [133.6628804871979, -3.538853448097527], [133.3677047059468, -4.024818617370315], [132.98395551974735, -4.112978610860281], [132.756940952689, -3.74628264731713], [132.75378869031923, -3.311787204607072], [131.9898043153162, -2.820551039240456], [133.0668445171435, -2.460417982598443], [133.78003095920351, -2.47984832114021], [133.69621178602617, -2.214541517753688], [132.23237348849423, -2.212526136894326], [131.8362219585447, -1.617161960459597], [130.94283979708283, -1.432522067880797], [130.51955814018007, -0.937720228686075], [131.86753787651364, -0.695461114101818], [132.3801164084168, -0.369537855636977], [133.98554813042844, -0.780210463060442], [134.1433679546478, -1.151867364103595]]], [[[125.24050052297159, 1.419836127117605], [124.43703535369738, 0.427881171058971], [123.68550499887672, 0.235593166500877], [122.7230831238729, 0.431136786293337], [121.05672488818911, 0.381217352699451], [120.18308312386276, 0.23724681233422], [120.04086958219548, -0.519657891444851], [120.93590538949073, -1.408905938323372], [121.47582075407618, -0.955962009285116], [123.34056481332848, -0.615672702643081], [123.2583992859845, -1.076213067228338], [122.82271528533161, -0.930950616055881], [122.38852990121538, -1.516858005381124], [121.50827355355548, -1.904482924002423], [122.4545723816843, -3.186058444840882], [122.27189619353257, -3.529500013852697], [123.17096276254657, -4.683693129091708], [123.16233279835379, -5.340603936385961], [122.62851525277873, -5.634591159694494], [122.23639448454807, -5.282933037948283], [122.71956912647707, -4.46417164471579], [121.73823367725439, -4.8513314754465], [121.48946333220127, -4.574552504091216], [121.61917117725389, -4.188477878438675], [120.89818159391771, -3.602105401222829], [120.97238895068878, -2.62764291749491], [120.30545291552991, -2.931603692235726], [120.39004723519176, -4.097579034037224], [120.43071658740539, -5.528241062037779], [119.79654341031952, -5.673400160345651], [119.36690555224496, -5.379878024927805], [119.65360639860015, -4.459417412944958], [119.49883548388598, -3.49441171632651], [119.07834435432702, -3.487021986508765], [118.7677689962529, -2.801999200047689], [119.18097374885869, -2.147103773612798], [119.32339399625508, -1.353147067880471], [119.82599897672586, 0.154254462073496], [120.03570193896635, 0.566477362465804], [120.8857792501677, 1.309222723796836], [121.666816847827, 1.013943589681077], [122.92756676645186, 0.875192368977466], [124.07752241424285, 0.917101955566139], [125.06598921112183, 1.643259182131558], [125.24050052297159, 1.419836127117605]]], [[[128.68824873262074, 1.132385972494106], [128.63595218314137, 0.258485826006179], [128.1201697124362, 0.356412665199286], [127.96803429576889, -0.252077325037533], [128.37999881399972, -0.780003757331286], [128.10001590384232, -0.899996433112975], [127.69647464407504, -0.266598402511505], [127.39949018769377, 1.011721503092573], [127.60051150930909, 1.810690822757181], [127.93237755748751, 2.174596258956555], [128.00415612194084, 1.628531398928331], [128.59455936087548, 1.540810655112864], [128.68824873262074, 1.132385972494106]]], [[[117.87562706916603, 1.827640692548911], [118.99674726773819, 0.902219143066048], [117.8118583517178, 0.784241848143722], [117.47833865770608, 0.102474676917026], [117.52164350796662, -0.803723239753211], [116.56004845587952, -1.487660821136231], [116.5337968282752, -2.483517347832901], [116.14808393764864, -4.012726332214015], [116.00085778204911, -3.657037448749008], [114.86480309454456, -4.106984144714417], [114.46865156459509, -3.495703627133821], [113.75567182826413, -3.43916961020652], [113.25699425664757, -3.118775729996855], [112.06812625534067, -3.478392022316072], [111.70329064336002, -2.994442233902632], [111.04824018762824, -3.049425957861189], [110.223846063276, -2.934032484553484], [110.07093550012436, -1.592874037282414], [109.57194786991406, -1.314906507984489], [109.09187381392255, -0.459506524257051], [108.95265750532818, 0.415375474444346], [109.06913618371405, 1.341933905437642], [109.66326012577375, 2.006466986494985], [109.83022667850886, 1.338135687664192], [110.51406090702713, 0.773131415200993], [111.15913781132659, 0.976478176269509], [111.79754845586044, 0.904441229654651], [112.38025190638368, 1.410120957846758], [112.8598091980522, 1.497790025229946], [113.80584964401956, 1.217548732911041], [114.6213554220175, 1.430688177898887], [115.13403730678525, 2.821481838386219], [115.51907840379201, 3.169238389494396], [115.86551720587678, 4.306559149590157], [117.01521447150637, 4.306094061699469], [117.88203494677018, 4.137551377779488], [117.31323245653354, 3.234428208830579], [118.04832970588538, 2.287690131027361], [117.87562706916603, 1.827640692548911]]], [[[105.81765506390937, -5.852355645372413], [104.71038414919153, -5.873284600450646], [103.86821333213075, -5.037314955264975], [102.58426069540693, -4.220258884298204], [102.15617313030103, -3.614146009946765], [101.39911339722508, -2.799777113459172], [100.90250288290017, -2.05026213949786], [100.14198082886062, -0.650347588710957], [99.26373986206025, 0.183141587724663], [98.97001102091335, 1.042882391764536], [98.60135135294311, 1.823506577965617], [97.69959760944991, 2.453183905442117], [97.1769421732499, 3.30879059489861], [96.42401655475734, 3.868859768077911], [95.38087609251349, 4.970782172053674], [95.29302615761733, 5.479820868344817], [95.93686282754177, 5.439513251157109], [97.4848820332771, 5.246320909034011], [98.36916914265569, 4.268370266126368], [99.14255862833582, 3.590349636240916], [99.69399783732243, 3.174328518075157], [100.64143354696168, 2.099381211755798], [101.65801232300734, 2.083697414555189], [102.49827111207324, 1.398700466310217], [103.07684044801303, 0.561361395668854], [103.83839603069836, 0.104541734208667], [103.43764529827499, -0.711945896002845], [104.01078860882402, -1.059211521004229], [104.3699914896849, -1.084843031421016], [104.53949018760218, -1.782371514496717], [104.88789269411402, -2.340425306816655], [105.622111444117, -2.42884368246807], [106.10859337771271, -3.06177662517895], [105.85744591677414, -4.305524997579724], [105.81765506390937, -5.852355645372413]]]]}}, {"type": "Feature", "properties": {"scalerank": 1, "featurecla": "Admin-0country", "labelrank": 2.0, "sovereignt": "India", "sov_a3": "IND", "adm0_dif": 0.0, "level": 2.0, "type": "Sovereigncountry", "admin": "India", "adm0_a3": "IND", "geou_dif": 0.0, "geounit": "India", "gu_a3": "IND", "su_dif": 0.0, "subunit": "India", "su_a3": "IND", "brk_diff": 0.0, "name": "India", "name_long": "India", "brk_a3": "IND", "brk_name": "India", "brk_group": null, "abbrev": "India", "postal": "IND", "formal_en": "RepublicofIndia", "formal_fr": null, "note_adm0": null, "note_brk": null, "name_sort": "India", "name_alt": null, "mapcolor7": 1.0, "mapcolor8": 3.0, "mapcolor9": 2.0, "mapcolor13": 2.0, "pop_est": 1166079220.0, "gdp_md_est": 3297000.0, "pop_year": -99.0, "lastcensus": 2011.0, "gdp_year": -99.0, "economy": "3.Emergingregion:BRIC", "income_grp": "4.Lowermiddleincome", "wikipedia": -99.0, "fips_10": null, "iso_a2": "IN", "iso_a3": "IND", "iso_n3": "356", "un_a3": "356", "wb_a2": "IN", "wb_a3": "IND", "woe_id": -99.0, "adm0_a3_is": "IND", "adm0_a3_us": "IND", "adm0_a3_un": -99.0, "adm0_a3_wb": -99.0, "continent": "Asia", "region_un": "Asia", "subregion": "SouthernAsia", "region_wb": "SouthAsia", "name_len": 5.0, "long_len": 5.0, "abbrev_len": 5.0, "tiny": -99.0, "homepart": 1.0}, "geometry": {"type": "Polygon", "coordinates": [[[77.83745079947457, 35.494009507787766], [78.91226891471322, 34.32193634697579], [78.81108646028574, 33.50619802503242], [79.20889163606859, 32.994394639613716], [79.17612877799553, 32.48377981213771], [78.45844648632601, 32.61816437431273], [78.73889448437401, 31.515906073527063], [79.7213668151071, 30.88271474865473], [81.11125613802932, 30.183480943313402], [80.4767212259174, 29.72986522065534], [80.08842451367627, 28.79447011974014], [81.05720258985203, 28.416095282499043], [81.99998742058497, 27.925479234319994], [83.30424889519955, 27.36450572357556], [84.6750179381738, 27.234901231387536], [85.25177859898338, 26.726198431906344], [86.02439293817918, 26.63098460540857], [87.2274719583663, 26.397898057556077], [88.06023766474982, 26.41461538340249], [88.17480431514092, 26.81040517832595], [88.04313276566123, 27.445818589786825], [88.12044070836987, 27.876541652939594], [88.73032596227856, 28.086864732367516], [88.81424848832056, 27.299315904239364], [88.83564253128938, 27.098966376243762], [89.74452762243885, 26.719402981059957], [90.37327477413407, 26.87572418874288], [91.21751264848643, 26.808648179628022], [92.03348351437509, 26.83831045176356], [92.10371178585974, 27.452614040633208], [91.69665652869668, 27.771741848251665], [92.50311893104364, 27.89687632904645], [93.41334760943269, 28.640629380807226], [94.56599043170294, 29.277438055939985], [95.40480228066464, 29.03171662039213], [96.11767866413103, 29.452802028922466], [96.58659061074749, 28.83097951915434], [96.24883344928779, 28.411030992134442], [97.32711388549004, 28.26158274994634], [97.40256147663614, 27.882536119085444], [97.0519885599681, 27.69905894623315], [97.1339990580153, 27.083773505149964], [96.41936567585097, 27.264589341739224], [95.12476769407496, 26.5735720891323], [95.1551534362626, 26.001307277932085], [94.60324913938538, 25.162495428970402], [94.55265791217164, 24.675238348890336], [94.10674197792507, 23.85074087167348], [93.3251876159428, 24.078556423432204], [93.28632693885928, 23.043658352139005], [93.06029422401463, 22.70311066333557], [93.16612755734837, 22.278459580977103], [92.67272098182556, 22.041238918541254], [92.14603478390681, 23.627498684172593], [91.86992760617132, 23.624346421802784], [91.70647505083211, 22.985263983649187], [91.15896325069973, 23.50352692310439], [91.46772993364368, 24.072639471934792], [91.91509280799443, 24.130413723237112], [92.37620161333481, 24.976692816664965], [91.79959598182208, 25.147431748957317], [90.87221072791212, 25.132600612889547], [89.92069258012185, 25.26974986419218], [89.83248091019962, 25.96508209889548], [89.35509402868729, 26.014407253518073], [88.56304935094977, 26.446525580342723], [88.2097892598025, 25.768065700782714], [88.93155398962308, 25.238692328384776], [88.30637251175602, 24.866079413344206], [88.08442223506242, 24.501657212821925], [88.69994022009092, 24.23371491138856], [88.52976972855379, 23.631141872649167], [88.87631188350309, 22.87914642993783], [89.03196129756623, 22.055708319582976], [88.88876590368542, 21.690588487224748], [88.20849734899522, 21.703171698487807], [86.97570438024027, 21.49556163175521], [87.03316857294887, 20.743307806882413], [86.49935102737379, 20.151638495356607], [85.0602657409097, 19.4785788029711], [83.94100589390001, 18.302009792549725], [83.18921715691785, 17.67122142177898], [82.19279218946592, 17.016636053937816], [82.19124189649719, 16.556664130107848], [81.69271935417748, 16.310219224507904], [80.79199913933014, 15.951972357644493], [80.32489586784388, 15.89918488205835], [80.02506920768644, 15.136414903214147], [80.2332735533904, 13.835770778859981], [80.28629357292186, 13.006260687710835], [79.8625468281285, 12.056215318240888], [79.85799930208682, 10.35727509199711], [79.340511509116, 10.30885427493962], [78.88534549348918, 9.546135972527722], [79.1897196796883, 9.216543687370148], [78.2779407083305, 8.933046779816934], [77.94116539908435, 8.252959092639742], [77.53989790233794, 7.965534776232332], [76.59297895702167, 8.89927623131419], [76.13006147655108, 10.299630031775521], [75.7464673196485, 11.308250637248307], [75.39610110870959, 11.781245022015824], [74.86481570831683, 12.741935736537897], [74.61671715688354, 13.99258291264968], [74.44385949086723, 14.617221787977698], [73.5341992532334, 15.99065216721496], [73.11990929554943, 17.928570054592498], [72.82090945830865, 19.208233547436166], [72.8244751321368, 20.419503282141534], [72.6305334817454, 21.356009426351008], [71.17527347197395, 20.757441311114235], [70.4704586119451, 20.877330634031384], [69.16413008003883, 22.0892980005727], [69.6449276060824, 22.450774644454338], [69.34959679553435, 22.84317963306269], [68.1766451353734, 23.69196503345671], [68.84259931831878, 24.35913361256094], [71.04324018746823, 24.3565239527302], [70.84469933460284, 25.21510203704352], [70.2828731627256, 25.72222870533983], [70.16892662952202, 26.491871649678842], [69.51439293811313, 26.940965684511372], [70.61649620960193, 27.989196275335868], [71.77766564320032, 27.913180243434525], [72.8237516620847, 28.961591701772054], [73.45063846221743, 29.97641347911987], [74.42138024282028, 30.979814764931177], [74.40592898956501, 31.69263947196528], [75.25864179881322, 32.2711054550405], [74.45155927927871, 32.7648996038055], [74.10429365427734, 33.44147329358685], [73.74994835805197, 34.31769887952785], [74.24020267120497, 34.748887030571254], [75.75706098826834, 34.50492259372132], [76.87172163280403, 34.65354401299274], [77.83745079947457, 35.494009507787766]]]}}, {"type": "Feature", "properties": {"scalerank": 1, "featurecla": "Admin-0country", "labelrank": 2.0, "sovereignt": "Iran", "sov_a3": "IRN", "adm0_dif": 0.0, "level": 2.0, "type": "Sovereigncountry", "admin": "Iran", "adm0_a3": "IRN", "geou_dif": 0.0, "geounit": "Iran", "gu_a3": "IRN", "su_dif": 0.0, "subunit": "Iran", "su_a3": "IRN", "brk_diff": 0.0, "name": "Iran", "name_long": "Iran", "brk_a3": "IRN", "brk_name": "Iran", "brk_group": null, "abbrev": "Iran", "postal": "IRN", "formal_en": "IslamicRepublicofIran", "formal_fr": null, "note_adm0": null, "note_brk": null, "name_sort": "Iran,IslamicRep.", "name_alt": null, "mapcolor7": 4.0, "mapcolor8": 3.0, "mapcolor9": 4.0, "mapcolor13": 13.0, "pop_est": 66429284.0, "gdp_md_est": 841700.0, "pop_year": -99.0, "lastcensus": 2006.0, "gdp_year": -99.0, "economy": "5.Emergingregion:G20", "income_grp": "3.Uppermiddleincome", "wikipedia": -99.0, "fips_10": null, "iso_a2": "IR", "iso_a3": "IRN", "iso_n3": "364", "un_a3": "364", "wb_a2": "IR", "wb_a3": "IRN", "woe_id": -99.0, "adm0_a3_is": "IRN", "adm0_a3_us": "IRN", "adm0_a3_un": -99.0, "adm0_a3_wb": -99.0, "continent": "Asia", "region_un": "Asia", "subregion": "SouthernAsia", "region_wb": "MiddleEast&NorthAfrica", "name_len": 4.0, "long_len": 4.0, "abbrev_len": 4.0, "tiny": -99.0, "homepart": 1.0}, "geometry": {"type": "Polygon", "coordinates": [[[53.92159793479556, 37.19891836196126], [54.800303989486565, 37.392420762678185], [55.51157840355191, 37.96411713312317], [56.18037479027333, 37.93512665460743], [56.61936608259282, 38.121394354803485], [57.330433790928986, 38.02922943781094], [58.436154412678206, 37.5223094752438], [59.23476199731681, 37.41298798273034], [60.37763797388388, 36.52738312432837], [61.123070509694145, 36.491597194966246], [61.210817091725744, 35.650072333309225], [60.80319339380745, 34.40410187431986], [60.52842980331158, 33.676446031218006], [60.963700392506006, 33.52883230237626], [60.536077915290775, 32.98126882581157], [60.863654819588966, 32.18291962333443], [60.94194461451113, 31.548074652628753], [61.69931440618083, 31.379506130492672], [61.781221551363444, 30.735850328081238], [60.87424848820879, 29.829238999952608], [61.36930870956494, 29.303276272085924], [61.77186811711863, 28.6993338078908], [62.72783043808599, 28.25964488373539], [62.75542565292986, 27.378923448184988], [63.2338977395203, 27.21704702403071], [63.31663170761959, 26.756532497661667], [61.87418745305655, 26.239974880472104], [61.49736290878419, 25.0782370061185], [59.616134067630846, 25.380156561783778], [58.525761346272304, 25.60996165618573], [57.39725141788239, 25.73990204518364], [56.970765822177555, 26.966106268821363], [56.492138706290206, 27.143304755150197], [55.723710158110066, 26.964633490501043], [54.71508955263727, 26.480657863871514], [53.49309695823135, 26.81236888275305], [52.48359785340961, 27.580849107365495], [51.52076256694742, 27.865689602158298], [50.85294803243954, 28.814520575469388], [50.115008579311585, 30.147772528599717], [49.576850213423995, 29.985715236932407], [48.94133344909855, 30.317090359004037], [48.567971225789755, 29.926778265903522], [48.0145683123761, 30.452456773392598], [48.004698113808324, 30.985137437457244], [47.68528608581227, 30.984853217079632], [47.8492037290421, 31.70917593029867], [47.33466149271191, 32.46915538179911], [46.10936160663932, 33.017287299119005], [45.41669070819904, 33.967797756479584], [45.64845950702809, 34.748137722303014], [46.15178795755094, 35.09325877536429], [46.0763403664048, 35.67738332777549], [45.42061811705321, 35.977545884742824], [44.77267, 37.17045], [44.22575564960053, 37.97158437758935], [44.421402622257546, 38.28128123631454], [44.10922529478234, 39.4281362981681], [44.79398969908195, 39.71300263117705], [44.95268802265031, 39.33576467544637], [45.45772179543877, 38.87413910578306], [46.14362308124882, 38.74120148371222], [46.50571984231797, 38.770605373686294], [47.685079380083096, 39.50836395930122], [48.06009524922524, 39.58223541926246], [48.35552941263788, 39.28876496027691], [48.01074425638648, 38.79401479751452], [48.63437544128482, 38.27037750910097], [48.88324913920249, 38.32024526626262], [49.19961225769334, 37.582874253889884], [50.14777143738462, 37.37456655532134], [50.84235436381971, 36.8728142359834], [52.264024692601424, 36.7004216578577], [53.82578982932642, 36.965030829408235], [53.92159793479556, 37.19891836196126]]]}}, {"type": "Feature", "properties": {"scalerank": 1, "featurecla": "Admin-0country", "labelrank": 2.0, "sovereignt": "Japan", "sov_a3": "JPN", "adm0_dif": 0.0, "level": 2.0, "type": "Sovereigncountry", "admin": "Japan", "adm0_a3": "JPN", "geou_dif": 0.0, "geounit": "Japan", "gu_a3": "JPN", "su_dif": 0.0, "subunit": "Japan", "su_a3": "JPN", "brk_diff": 0.0, "name": "Japan", "name_long": "Japan", "brk_a3": "JPN", "brk_name": "Japan", "brk_group": null, "abbrev": "Japan", "postal": "J", "formal_en": "Japan", "formal_fr": null, "note_adm0": null, "note_brk": null, "name_sort": "Japan", "name_alt": null, "mapcolor7": 5.0, "mapcolor8": 3.0, "mapcolor9": 5.0, "mapcolor13": 4.0, "pop_est": 127078679.0, "gdp_md_est": 4329000.0, "pop_year": -99.0, "lastcensus": 2010.0, "gdp_year": -99.0, "economy": "1.Developedregion:G7", "income_grp": "1.Highincome:OECD", "wikipedia": -99.0, "fips_10": null, "iso_a2": "JP", "iso_a3": "JPN", "iso_n3": "392", "un_a3": "392", "wb_a2": "JP", "wb_a3": "JPN", "woe_id": -99.0, "adm0_a3_is": "JPN", "adm0_a3_us": "JPN", "adm0_a3_un": -99.0, "adm0_a3_wb": -99.0, "continent": "Asia", "region_un": "Asia", "subregion": "EasternAsia", "region_wb": "EastAsia&Pacific", "name_len": 5.0, "long_len": 5.0, "abbrev_len": 5.0, "tiny": -99.0, "homepart": 1.0}, "geometry": {"type": "MultiPolygon", "coordinates": [[[[134.63842817600388, 34.149233710256425], [134.7663790223585, 33.80633474378368], [134.20341596897086, 33.20117788342964], [133.7929500672765, 33.5219851750976], [133.28026818250888, 33.28957042086495], [133.01485802625788, 32.70456736910478], [132.3631148621927, 32.98938202568138], [132.3711763856302, 33.463642483040076], [132.9243725933148, 34.06029857028204], [133.49296837782222, 33.9446208765967], [133.90410607313638, 34.36493113864262], [134.63842817600388, 34.149233710256425]]], [[[140.9763875673053, 37.14207428644016], [140.59976972876214, 36.34398346612454], [140.77407433488267, 35.84287710219024], [140.25327925024513, 35.13811391859366], [138.97552778539622, 34.66760000257611], [137.21759891169123, 34.60628591566186], [135.7929830262689, 33.46480520276663], [135.12098270074543, 33.84907115328906], [135.07943484918272, 34.59654490817482], [133.340316196832, 34.37593821872076], [132.15677086805132, 33.90493337659652], [130.98614464734348, 33.885761420216284], [132.00003624891005, 33.149992377244615], [131.33279015515737, 31.450354519164847], [130.68631798718596, 31.029579169228242], [130.20241987520498, 31.418237616495418], [130.44767622286216, 32.319474595665724], [129.8146916037189, 32.61030955660439], [129.40846316947258, 33.29605581311759], [130.35393517468466, 33.6041507024417], [130.87845096244715, 34.232742824840045], [131.88422936414392, 34.74971385348792], [132.61767296766251, 35.43339305270942], [134.6083008159778, 35.73161774346582], [135.67753787652893, 35.527134100886826], [136.72383060114245, 37.30498423924038], [137.3906116070045, 36.827390651998826], [138.85760216690628, 37.82748464614346], [139.4264046571429, 38.21596222589764], [140.0547900738121, 39.438807481436385], [139.88337934789988, 40.563312486323696], [140.30578250545372, 41.19500519465956], [141.3689734234267, 41.37855988216029], [141.9142631369705, 39.991616115878685], [141.884600864835, 39.180864569651504], [140.9594893739458, 38.17400096287659], [140.9763875673053, 37.14207428644016]]], [[[143.9101619813795, 44.17409983985374], [144.61342654843966, 43.960882880217525], [145.3208252300831, 44.384732977875444], [145.54313724180278, 43.262088324550604], [144.0596618999999, 42.98835826270056], [143.18384972551732, 41.9952147486992], [141.61149092017249, 42.678790595056086], [141.06728641170665, 41.584593817708], [139.95510623592108, 41.569555975911044], [139.81754357315995, 42.5637588567744], [140.31208703019323, 43.33327261003265], [141.38054894426003, 43.388824774746496], [141.67195234595394, 44.772125352551484], [141.967644891528, 45.55148346616136], [143.14287031470982, 44.510358384776964], [143.9101619813795, 44.17409983985374]]]]}}, {"type": "Feature", "properties": {"scalerank": 1, "featurecla": "Admin-0country", "labelrank": 3.0, "sovereignt": "Kazakhstan", "sov_a3": "KAZ", "adm0_dif": 0.0, "level": 2.0, "type": "Sovereigncountry", "admin": "Kazakhstan", "adm0_a3": "KAZ", "geou_dif": 0.0, "geounit": "Kazakhstan", "gu_a3": "KAZ", "su_dif": 0.0, "subunit": "Kazakhstan", "su_a3": "KAZ", "brk_diff": 0.0, "name": "Kazakhstan", "name_long": "Kazakhstan", "brk_a3": "KAZ", "brk_name": "Kazakhstan", "brk_group": null, "abbrev": "Kaz.", "postal": "KZ", "formal_en": "RepublicofKazakhstan", "formal_fr": null, "note_adm0": null, "note_brk": null, "name_sort": "Kazakhstan", "name_alt": null, "mapcolor7": 6.0, "mapcolor8": 1.0, "mapcolor9": 6.0, "mapcolor13": 1.0, "pop_est": 15399437.0, "gdp_md_est": 175800.0, "pop_year": -99.0, "lastcensus": 2009.0, "gdp_year": -99.0, "economy": "6.Developingregion", "income_grp": "3.Uppermiddleincome", "wikipedia": -99.0, "fips_10": null, "iso_a2": "KZ", "iso_a3": "KAZ", "iso_n3": "398", "un_a3": "398", "wb_a2": "KZ", "wb_a3": "KAZ", "woe_id": -99.0, "adm0_a3_is": "KAZ", "adm0_a3_us": "KAZ", "adm0_a3_un": -99.0, "adm0_a3_wb": -99.0, "continent": "Asia", "region_un": "Asia", "subregion": "CentralAsia", "region_wb": "Europe&CentralAsia", "name_len": 10.0, "long_len": 10.0, "abbrev_len": 4.0, "tiny": -99.0, "homepart": 1.0}, "geometry": {"type": "Polygon", "coordinates": [[[70.96231489449929, 42.26615428320554], [70.3889648782208, 42.081307684897524], [69.07002729683524, 41.38424428971234], [68.63248294462005, 40.66868073176687], [68.25989586779565, 40.6623245305949], [67.98585574735182, 41.135990708982206], [66.7140470722166, 41.168443508461564], [66.51064863471572, 41.987644151368556], [66.02339155463562, 41.99464630794404], [66.0980123228652, 42.99766002051308], [64.90082441595933, 43.728080552742654], [63.185786981056594, 43.650074978198006], [62.01330040878628, 43.50447663021566], [61.058319940032504, 44.40581696225058], [60.23997195825848, 44.784036770194746], [58.68998904809581, 45.50001373959873], [58.50312706892845, 45.586804307632974], [55.92891727074118, 44.99585846615918], [55.968191359283026, 41.30864166926938], [55.45525109235382, 41.25985911718584], [54.75534549339267, 42.04397146256662], [54.07941775901497, 42.32410940202084], [52.94429324729174, 42.11603424739758], [52.502459751196284, 41.78331553808647], [52.44633914572722, 42.027150783855575], [52.692112257707265, 42.44389537207337], [52.50142622255032, 42.7922978785852], [51.342427199108215, 43.132974758469345], [50.89129194520024, 44.03103363705378], [50.339129266161365, 44.284015611338475], [50.30564293803627, 44.609835516938915], [51.278503452363225, 44.51485423438646], [51.31689904155604, 45.2459982366679], [52.16738976421573, 45.40839142514511], [53.0408764992452, 45.25904653582177], [53.220865512917726, 46.234645901059935], [53.042736850807785, 46.85300608986449], [52.04202273947561, 46.80463694923924], [51.191945428274266, 47.048704738953916], [50.03408328634248, 46.60898997658222], [49.10116000000011, 46.399330000000134], [48.5932410011805, 46.56103424741548], [48.694733514201744, 47.07562816017793], [48.05725304544927, 47.74375275327952], [47.31523115417025, 47.715847479841955], [46.46644575377627, 48.39415233010493], [47.04367150247651, 49.152038886097614], [46.75159630716274, 49.35600576435377], [47.54948042174931, 50.454698391311126], [48.57784142435753, 49.87475962991567], [48.70238162618102, 50.60512848571284], [50.76664839051216, 51.6927623561599], [52.32872358583097, 51.718652248738124], [54.532878452376224, 51.02623973245932], [55.716940545479815, 50.62171662047854], [56.777961053296565, 51.04355133727705], [58.36329064314674, 51.06365346943858], [59.642282342370606, 50.545442206415714], [59.93280724471549, 50.842194118851864], [61.337424350840934, 50.79907013610426], [61.58800337102417, 51.272658799843214], [59.967533807215545, 51.9604204372157], [60.92726850774028, 52.44754832621504], [60.73999311711458, 52.71998647725775], [61.699986199800605, 52.97999644633427], [60.978066440683165, 53.66499339457914], [61.43659142440907, 54.00626455343479], [65.17853356309593, 54.35422781027211], [65.666875848254, 54.601266994843456], [68.16910037625883, 54.97039175070432], [69.06816694527288, 55.38525014914353], [70.86526655465514, 55.169733588270105], [71.18013105660941, 54.13328522400826], [72.22415001820218, 54.376655381886735], [73.5085160663844, 54.0356167669766], [73.42567874542044, 53.489810289109755], [74.38484500519007, 53.54686107036008], [76.89110029491343, 54.49052440044193], [76.52517947785475, 54.17700348572714], [77.80091556184425, 53.404414984747575], [80.03555952344169, 50.86475088154725], [80.56844689323549, 51.38833649352847], [81.94598554883993, 50.81219594990637], [83.38300377801238, 51.069182847693924], [83.93511478061885, 50.88924551045358], [84.41637739455308, 50.311399644565824], [85.11555952346203, 50.11730296487764], [85.54126997268247, 49.69285858824816], [86.82935672398963, 49.82667470966817], [87.35997033076268, 49.21498078062916], [86.59877648310339, 48.54918162698061], [85.7682328633083, 48.45575063739699], [85.72048383987072, 47.45296946877312], [85.16429039911338, 47.00095571551611], [83.18048383986047, 47.33003123635086], [82.45892581576913, 45.539649563166506], [81.94707075391813, 45.31702749285324], [79.96610639844141, 44.91751699480466], [80.86620649610137, 43.180362046881044], [80.1801501809943, 42.92006785742694], [80.25999026888536, 42.349999294599115], [79.64364546094015, 42.496682847659656], [79.1421773619798, 42.856092434249604], [77.65839196158322, 42.960685533208334], [76.00035363149857, 42.98802236589063], [75.6369649596221, 42.87789988867678], [74.21286583852259, 43.29833934180351], [73.64530358266092, 43.09127187760987], [73.48975752146237, 42.50089447689129], [71.84463829945065, 42.845395412765185], [71.18628055205227, 42.70429291439223], [70.96231489449929, 42.26615428320554]]]}}, {"type": "Feature", "properties": {"scalerank": 1, "featurecla": "Admin-0country", "labelrank": 4.0, "sovereignt": "Kyrgyzstan", "sov_a3": "KGZ", "adm0_dif": 0.0, "level": 2.0, "type": "Sovereigncountry", "admin": "Kyrgyzstan", "adm0_a3": "KGZ", "geou_dif": 0.0, "geounit": "Kyrgyzstan", "gu_a3": "KGZ", "su_dif": 0.0, "subunit": "Kyrgyzstan", "su_a3": "KGZ", "brk_diff": 0.0, "name": "Kyrgyzstan", "name_long": "Kyrgyzstan", "brk_a3": "KGZ", "brk_name": "Kyrgyzstan", "brk_group": null, "abbrev": "Kgz.", "postal": "KG", "formal_en": "KyrgyzRepublic", "formal_fr": null, "note_adm0": null, "note_brk": null, "name_sort": "KyrgyzRepublic", "name_alt": null, "mapcolor7": 5.0, "mapcolor8": 7.0, "mapcolor9": 7.0, "mapcolor13": 6.0, "pop_est": 5431747.0, "gdp_md_est": 11610.0, "pop_year": -99.0, "lastcensus": 2009.0, "gdp_year": -99.0, "economy": "6.Developingregion", "income_grp": "5.Lowincome", "wikipedia": -99.0, "fips_10": null, "iso_a2": "KG", "iso_a3": "KGZ", "iso_n3": "417", "un_a3": "417", "wb_a2": "KG", "wb_a3": "KGZ", "woe_id": -99.0, "adm0_a3_is": "KGZ", "adm0_a3_us": "KGZ", "adm0_a3_un": -99.0, "adm0_a3_wb": -99.0, "continent": "Asia", "region_un": "Asia", "subregion": "CentralAsia", "region_wb": "Europe&CentralAsia", "name_len": 10.0, "long_len": 10.0, "abbrev_len": 4.0, "tiny": -99.0, "homepart": 1.0}, "geometry": {"type": "Polygon", "coordinates": [[[70.96231489449914, 42.266154283205495], [71.18628055205212, 42.70429291439214], [71.8446382994506, 42.8453954127651], [73.48975752146237, 42.50089447689132], [73.64530358266092, 43.09127187760983], [74.21286583852256, 43.29833934180337], [75.63696495962202, 42.87789988867668], [76.00035363149846, 42.98802236589067], [77.65839196158322, 42.96068553320826], [79.14217736197978, 42.85609243424952], [79.64364546094012, 42.49668284765953], [80.2599902688853, 42.34999929459906], [80.11943037305139, 42.12394074153825], [78.54366092317531, 41.58224254003869], [78.18719689322597, 41.18531586360481], [76.90448449087708, 41.06648590754965], [76.52636803579745, 40.42794607193512], [75.4678279967307, 40.56207225194867], [74.77686242055606, 40.36642527929163], [73.8222436868283, 39.893973497063186], [73.96001305531843, 39.660008449861735], [73.6753792662548, 39.4312368841056], [71.784693637992, 39.27946320246437], [70.54916181832562, 39.6041979029865], [69.46488691597753, 39.5266832545487], [69.55960981636852, 40.10321137141298], [70.64801883329997, 39.93575389257117], [71.01419803252017, 40.24436554621823], [71.77487511585656, 40.14584442805378], [73.05541710804917, 40.866033026689465], [71.87011478057047, 41.392900092121266], [71.1578585142916, 41.14358714452912], [70.42002241402821, 41.51999827734314], [71.25924767444823, 42.16771067968946], [70.96231489449914, 42.266154283205495]]]}}, {"type": "Feature", "properties": {"scalerank": 1, "featurecla": "Admin-0country", "labelrank": 3.0, "sovereignt": "Cambodia", "sov_a3": "KHM", "adm0_dif": 0.0, "level": 2.0, "type": "Sovereigncountry", "admin": "Cambodia", "adm0_a3": "KHM", "geou_dif": 0.0, "geounit": "Cambodia", "gu_a3": "KHM", "su_dif": 0.0, "subunit": "Cambodia", "su_a3": "KHM", "brk_diff": 0.0, "name": "Cambodia", "name_long": "Cambodia", "brk_a3": "KHM", "brk_name": "Cambodia", "brk_group": null, "abbrev": "Camb.", "postal": "KH", "formal_en": "KingdomofCambodia", "formal_fr": null, "note_adm0": null, "note_brk": null, "name_sort": "Cambodia", "name_alt": null, "mapcolor7": 6.0, "mapcolor8": 3.0, "mapcolor9": 6.0, "mapcolor13": 5.0, "pop_est": 14494293.0, "gdp_md_est": 27940.0, "pop_year": -99.0, "lastcensus": 2008.0, "gdp_year": -99.0, "economy": "7.Leastdevelopedregion", "income_grp": "5.Lowincome", "wikipedia": -99.0, "fips_10": null, "iso_a2": "KH", "iso_a3": "KHM", "iso_n3": "116", "un_a3": "116", "wb_a2": "KH", "wb_a3": "KHM", "woe_id": -99.0, "adm0_a3_is": "KHM", "adm0_a3_us": "KHM", "adm0_a3_un": -99.0, "adm0_a3_wb": -99.0, "continent": "Asia", "region_un": "Asia", "subregion": "South-EasternAsia", "region_wb": "EastAsia&Pacific", "name_len": 8.0, "long_len": 8.0, "abbrev_len": 5.0, "tiny": -99.0, "homepart": 1.0}, "geometry": {"type": "Polygon", "coordinates": [[[103.4972799011397, 10.632555446815928], [103.09068973186726, 11.153660590047165], [102.5849324890267, 12.186594956913282], [102.34809939983302, 13.394247341358223], [102.98842207236163, 14.225721136934467], [104.28141808473661, 14.416743068901367], [105.21877689007889, 14.273211778210694], [106.04394616091552, 13.881091009979956], [106.49637332563088, 14.570583807834282], [107.38272749230109, 14.202440904186972], [107.61454796756243, 13.535530707244206], [107.49140302941089, 12.337205918827948], [105.81052371625313, 11.567614650921229], [106.24967003786946, 10.961811835163587], [105.19991499229235, 10.889309800658097], [104.33433475140347, 10.48654368737523], [103.4972799011397, 10.632555446815928]]]}}, {"type": "Feature", "properties": {"scalerank": 1, "featurecla": "Admin-0country", "labelrank": 2.0, "sovereignt": "SouthKorea", "sov_a3": "KOR", "adm0_dif": 0.0, "level": 2.0, "type": "Sovereigncountry", "admin": "SouthKorea", "adm0_a3": "KOR", "geou_dif": 0.0, "geounit": "SouthKorea", "gu_a3": "KOR", "su_dif": 0.0, "subunit": "SouthKorea", "su_a3": "KOR", "brk_diff": 0.0, "name": "Korea", "name_long": "RepublicofKorea", "brk_a3": "KOR", "brk_name": "RepublicofKorea", "brk_group": null, "abbrev": "S.K.", "postal": "KR", "formal_en": "RepublicofKorea", "formal_fr": null, "note_adm0": null, "note_brk": null, "name_sort": "Korea,Rep.", "name_alt": null, "mapcolor7": 4.0, "mapcolor8": 1.0, "mapcolor9": 1.0, "mapcolor13": 5.0, "pop_est": 48508972.0, "gdp_md_est": 1335000.0, "pop_year": -99.0, "lastcensus": 2010.0, "gdp_year": -99.0, "economy": "4.Emergingregion:MIKT", "income_grp": "1.Highincome:OECD", "wikipedia": -99.0, "fips_10": null, "iso_a2": "KR", "iso_a3": "KOR", "iso_n3": "410", "un_a3": "410", "wb_a2": "KR", "wb_a3": "KOR", "woe_id": -99.0, "adm0_a3_is": "KOR", "adm0_a3_us": "KOR", "adm0_a3_un": -99.0, "adm0_a3_wb": -99.0, "continent": "Asia", "region_un": "Asia", "subregion": "EasternAsia", "region_wb": "EastAsia&Pacific", "name_len": 5.0, "long_len": 17.0, "abbrev_len": 4.0, "tiny": -99.0, "homepart": 1.0}, "geometry": {"type": "Polygon", "coordinates": [[[128.34971642467661, 38.61224294692785], [129.21291954968007, 37.43239248305595], [129.46044966035817, 36.78418915460283], [129.4683044780665, 35.63214061130395], [129.0913765809296, 35.082484239231434], [128.1858504578791, 34.89037710218639], [127.3865194031884, 34.47567373304412], [126.48574751190876, 34.39004588473648], [126.37391971242914, 34.934560451795946], [126.55923139862779, 35.6845405136479], [126.11739790253229, 36.72548472751926], [126.86014326386339, 36.893924058574626], [126.17475874237624, 37.74968577732804], [126.23733890188176, 37.84037791600028], [126.68371992401893, 37.80477285415118], [127.07330854706737, 38.2561148137884], [127.78003543509101, 38.30453563084589], [128.20574588431145, 38.37039724380189], [128.34971642467661, 38.61224294692785]]]}}, {"type": "Feature", "properties": {"scalerank": 1, "featurecla": "Admin-0country", "labelrank": 4.0, "sovereignt": "Laos", "sov_a3": "LAO", "adm0_dif": 0.0, "level": 2.0, "type": "Sovereigncountry", "admin": "Laos", "adm0_a3": "LAO", "geou_dif": 0.0, "geounit": "Laos", "gu_a3": "LAO", "su_dif": 0.0, "subunit": "Laos", "su_a3": "LAO", "brk_diff": 0.0, "name": "LaoPDR", "name_long": "LaoPDR", "brk_a3": "LAO", "brk_name": "Laos", "brk_group": null, "abbrev": "Laos", "postal": "LA", "formal_en": "LaoPeople'sDemocraticRepublic", "formal_fr": null, "note_adm0": null, "note_brk": null, "name_sort": "LaoPDR", "name_alt": null, "mapcolor7": 1.0, "mapcolor8": 1.0, "mapcolor9": 1.0, "mapcolor13": 9.0, "pop_est": 6834942.0, "gdp_md_est": 13980.0, "pop_year": -99.0, "lastcensus": 2005.0, "gdp_year": -99.0, "economy": "7.Leastdevelopedregion", "income_grp": "4.Lowermiddleincome", "wikipedia": -99.0, "fips_10": null, "iso_a2": "LA", "iso_a3": "LAO", "iso_n3": "418", "un_a3": "418", "wb_a2": "LA", "wb_a3": "LAO", "woe_id": -99.0, "adm0_a3_is": "LAO", "adm0_a3_us": "LAO", "adm0_a3_un": -99.0, "adm0_a3_wb": -99.0, "continent": "Asia", "region_un": "Asia", "subregion": "South-EasternAsia", "region_wb": "EastAsia&Pacific", "name_len": 7.0, "long_len": 7.0, "abbrev_len": 4.0, "tiny": -99.0, "homepart": 1.0}, "geometry": {"type": "Polygon", "coordinates": [[[105.21877689007889, 14.273211778210694], [105.54433841351769, 14.723933620660418], [105.58903852745016, 15.570316066952858], [104.7793205098688, 16.44186493577145], [104.7169470560925, 17.42885895433008], [103.9564766784853, 18.24095408779688], [103.20019209189374, 18.309632066312773], [102.99870568238771, 17.9616946476916], [102.41300499879162, 17.932781683824288], [102.11359175009248, 18.109101670804165], [101.05954756063517, 17.51249725999449], [101.03593143107777, 18.408928330961615], [101.2820146016517, 19.462584947176765], [100.60629357300316, 19.508344427971224], [100.54888105672688, 20.109237982661128], [100.11598758341785, 20.417849636308187], [100.32910119018953, 20.786121731036232], [101.18000532430754, 21.436572984294028], [101.27002566935997, 21.201651923095184], [101.80311974488293, 21.17436676684507], [101.65201785686152, 22.318198757409547], [102.17043582561358, 22.464753119389304], [102.75489627483466, 21.675137233969465], [103.20386111858645, 20.76656220141375], [104.43500044150805, 20.75873322192153], [104.8225736836971, 19.886641750563882], [104.18338789267894, 19.62466807706022], [103.89653201702671, 19.265180975821806], [105.09459842328152, 18.66697459561108], [105.92576216026403, 17.48531545660896], [106.55600792849569, 16.604283962464805], [107.3127059265456, 15.90853831630318], [107.5645251811039, 15.20217316330556], [107.38272749230109, 14.202440904186972], [106.49637332563088, 14.570583807834282], [106.04394616091552, 13.881091009979956], [105.21877689007889, 14.273211778210694]]]}}, {"type": "Feature", "properties": {"scalerank": 1, "featurecla": "Admin-0country", "labelrank": 3.0, "sovereignt": "SriLanka", "sov_a3": "LKA", "adm0_dif": 0.0, "level": 2.0, "type": "Sovereigncountry", "admin": "SriLanka", "adm0_a3": "LKA", "geou_dif": 0.0, "geounit": "SriLanka", "gu_a3": "LKA", "su_dif": 0.0, "subunit": "SriLanka", "su_a3": "LKA", "brk_diff": 0.0, "name": "SriLanka", "name_long": "SriLanka", "brk_a3": "LKA", "brk_name": "SriLanka", "brk_group": null, "abbrev": "SriL.", "postal": "LK", "formal_en": "DemocraticSocialistRepublicofSriLanka", "formal_fr": null, "note_adm0": null, "note_brk": null, "name_sort": "SriLanka", "name_alt": null, "mapcolor7": 3.0, "mapcolor8": 5.0, "mapcolor9": 4.0, "mapcolor13": 9.0, "pop_est": 21324791.0, "gdp_md_est": 91870.0, "pop_year": -99.0, "lastcensus": 2001.0, "gdp_year": -99.0, "economy": "6.Developingregion", "income_grp": "4.Lowermiddleincome", "wikipedia": -99.0, "fips_10": null, "iso_a2": "LK", "iso_a3": "LKA", "iso_n3": "144", "un_a3": "144", "wb_a2": "LK", "wb_a3": "LKA", "woe_id": -99.0, "adm0_a3_is": "LKA", "adm0_a3_us": "LKA", "adm0_a3_un": -99.0, "adm0_a3_wb": -99.0, "continent": "Asia", "region_un": "Asia", "subregion": "SouthernAsia", "region_wb": "SouthAsia", "name_len": 9.0, "long_len": 9.0, "abbrev_len": 6.0, "tiny": -99.0, "homepart": 1.0}, "geometry": {"type": "Polygon", "coordinates": [[[81.7879590188914, 7.523055324733164], [81.63732221876059, 6.481775214051922], [81.21801964714433, 6.197141424988288], [80.34835696810441, 5.968369859232155], [79.87246870312853, 6.76346344647493], [79.69516686393513, 8.200843410673386], [80.14780073437964, 9.824077663609557], [80.83881798698656, 9.268426825391188], [81.30431928907177, 8.56420624433369], [81.7879590188914, 7.523055324733164]]]}}, {"type": "Feature", "properties": {"scalerank": 1, "featurecla": "Admin-0country", "labelrank": 3.0, "sovereignt": "Myanmar", "sov_a3": "MMR", "adm0_dif": 0.0, "level": 2.0, "type": "Sovereigncountry", "admin": "Myanmar", "adm0_a3": "MMR", "geou_dif": 0.0, "geounit": "Myanmar", "gu_a3": "MMR", "su_dif": 0.0, "subunit": "Myanmar", "su_a3": "MMR", "brk_diff": 0.0, "name": "Myanmar", "name_long": "Myanmar", "brk_a3": "MMR", "brk_name": "Myanmar", "brk_group": null, "abbrev": "Myan.", "postal": "MM", "formal_en": "RepublicoftheUnionofMyanmar", "formal_fr": null, "note_adm0": null, "note_brk": null, "name_sort": "Myanmar", "name_alt": null, "mapcolor7": 2.0, "mapcolor8": 2.0, "mapcolor9": 5.0, "mapcolor13": 13.0, "pop_est": 48137741.0, "gdp_md_est": 55130.0, "pop_year": -99.0, "lastcensus": 1983.0, "gdp_year": -99.0, "economy": "7.Leastdevelopedregion", "income_grp": "5.Lowincome", "wikipedia": -99.0, "fips_10": null, "iso_a2": "MM", "iso_a3": "MMR", "iso_n3": "104", "un_a3": "104", "wb_a2": "MM", "wb_a3": "MMR", "woe_id": -99.0, "adm0_a3_is": "MMR", "adm0_a3_us": "MMR", "adm0_a3_un": -99.0, "adm0_a3_wb": -99.0, "continent": "Asia", "region_un": "Asia", "subregion": "South-EasternAsia", "region_wb": "EastAsia&Pacific", "name_len": 7.0, "long_len": 7.0, "abbrev_len": 5.0, "tiny": -99.0, "homepart": 1.0}, "geometry": {"type": "Polygon", "coordinates": [[[99.54330936075931, 20.186597601802063], [98.95967573445488, 19.752980658440947], [98.25372399291561, 19.708203029860044], [97.79778283080441, 18.627080389881755], [97.37589643757354, 18.445437730375815], [97.85912275593486, 17.567946071843664], [98.49376102091135, 16.83783559820793], [98.90334842325676, 16.17782420497612], [98.53737592976572, 15.308497422746084], [98.1920740091914, 15.123702500870351], [98.43081912637987, 14.622027696180837], [99.09775516153876, 13.827502549693278], [99.21201175333609, 13.269293728076464], [99.19635379435167, 12.80474843998867], [99.58728600463972, 11.892762762901697], [99.03812055867398, 10.960545762572437], [98.55355065307305, 9.932959906448545], [98.45717410684873, 10.67526601810515], [98.76454552612078, 11.441291612183749], [98.42833865762985, 12.032986761925685], [98.50957400919268, 13.122377631070677], [98.1036039571077, 13.640459703012851], [97.77773237507517, 14.837285874892642], [97.59707156778276, 16.10056793869977], [97.1645398294998, 16.92873444260934], [96.505768670643, 16.42724050543285], [95.3693522481124, 15.7143899601826], [94.80840457558412, 15.80345429123764], [94.18880415240454, 16.037936102762018], [94.53348595579135, 17.277240301985728], [94.32481652219676, 18.2135139022499], [93.54098839719364, 19.366492621330025], [93.66325483599621, 19.726961574781996], [93.07827762245219, 19.855144965081976], [92.36855350135562, 20.670883287025347], [92.30323449093868, 21.47548533780982], [92.65225711463799, 21.324047552978485], [92.67272098182556, 22.041238918541254], [93.16612755734837, 22.278459580977103], [93.06029422401463, 22.70311066333557], [93.28632693885928, 23.043658352139005], [93.3251876159428, 24.078556423432204], [94.10674197792507, 23.85074087167348], [94.55265791217164, 24.675238348890336], [94.60324913938538, 25.162495428970402], [95.1551534362626, 26.001307277932085], [95.12476769407496, 26.5735720891323], [96.41936567585097, 27.264589341739224], [97.1339990580153, 27.083773505149964], [97.0519885599681, 27.69905894623315], [97.40256147663614, 27.882536119085444], [97.32711388549004, 28.26158274994634], [97.91198774616944, 28.335945136014345], [98.2462309102333, 27.74722138112918], [98.68269005737046, 27.50881216075062], [98.71209394734451, 26.743535874940267], [98.67183800658916, 25.918702500913525], [97.72460900267914, 25.083637193293], [97.60471967976198, 23.897404690033042], [98.66026248575577, 24.063286037689966], [98.89874922078278, 23.14272207284253], [99.5319922220874, 22.94903880461258], [99.24089887898725, 22.11831431730458], [99.98348921102149, 21.7429367131364], [100.41653771362738, 21.558839423096614], [101.15003299357825, 21.849984442629022], [101.18000532430754, 21.436572984294028], [100.32910119018953, 20.786121731036232], [100.11598758341785, 20.417849636308187], [99.54330936075931, 20.186597601802063]]]}}, {"type": "Feature", "properties": {"scalerank": 1, "featurecla": "Admin-0country", "labelrank": 3.0, "sovereignt": "Mongolia", "sov_a3": "MNG", "adm0_dif": 0.0, "level": 2.0, "type": "Sovereigncountry", "admin": "Mongolia", "adm0_a3": "MNG", "geou_dif": 0.0, "geounit": "Mongolia", "gu_a3": "MNG", "su_dif": 0.0, "subunit": "Mongolia", "su_a3": "MNG", "brk_diff": 0.0, "name": "Mongolia", "name_long": "Mongolia", "brk_a3": "MNG", "brk_name": "Mongolia", "brk_group": null, "abbrev": "Mong.", "postal": "MN", "formal_en": "Mongolia", "formal_fr": null, "note_adm0": null, "note_brk": null, "name_sort": "Mongolia", "name_alt": null, "mapcolor7": 3.0, "mapcolor8": 5.0, "mapcolor9": 5.0, "mapcolor13": 6.0, "pop_est": 3041142.0, "gdp_md_est": 9476.0, "pop_year": -99.0, "lastcensus": 2010.0, "gdp_year": -99.0, "economy": "6.Developingregion", "income_grp": "4.Lowermiddleincome", "wikipedia": -99.0, "fips_10": null, "iso_a2": "MN", "iso_a3": "MNG", "iso_n3": "496", "un_a3": "496", "wb_a2": "MN", "wb_a3": "MNG", "woe_id": -99.0, "adm0_a3_is": "MNG", "adm0_a3_us": "MNG", "adm0_a3_un": -99.0, "adm0_a3_wb": -99.0, "continent": "Asia", "region_un": "Asia", "subregion": "EasternAsia", "region_wb": "EastAsia&Pacific", "name_len": 8.0, "long_len": 8.0, "abbrev_len": 5.0, "tiny": -99.0, "homepart": 1.0}, "geometry": {"type": "Polygon", "coordinates": [[[87.75126427607671, 49.297197984405486], [88.80556684769552, 49.47052073831242], [90.71366743364068, 50.33181183532109], [92.23471154171968, 50.80217072204172], [93.10421919146269, 50.49529022887643], [94.14756635943563, 50.48053660745709], [94.81594933469873, 50.01343333597085], [95.81402794798399, 49.977466539095715], [97.25972781778141, 49.72606069599574], [98.23176150919156, 50.422400621128745], [97.82573978067431, 51.01099518493318], [98.86149051310034, 52.04736603454669], [99.98173221232354, 51.63400625264399], [100.88948042196262, 51.51685578063832], [102.06522260946733, 51.259920559283124], [102.25590864462433, 50.51056061461868], [103.67654544476022, 50.089966132195116], [104.6215523620817, 50.275329494826074], [105.88659142458675, 50.406019192092224], [106.88880415245535, 50.27429596618023], [107.86817589725095, 49.793705145865815], [108.47516727095129, 49.28254771585074], [109.40244917199666, 49.29296051695755], [110.66201053267878, 49.13012807880587], [111.58123091028662, 49.37796824807769], [112.89773969935439, 49.54356537535699], [114.36245649623527, 50.24830272073741], [114.96210981655018, 50.140247300815126], [115.48569542853141, 49.805177313834605], [116.67880089728618, 49.88853139912139], [116.19180219936757, 49.134598090199106], [115.48528201707306, 48.13538259540344], [115.74283735561579, 47.72654450132629], [116.30895267137323, 47.85341014260284], [117.29550744025741, 47.69770905210743], [118.06414269416672, 48.06673045510369], [118.86657433479495, 47.74706004494617], [119.7728239278975, 47.04805878355013], [119.66326989143876, 46.69267995867892], [118.87432579963873, 46.80541209572365], [117.42170128791419, 46.67273285581426], [116.71786828009886, 46.38820241961521], [115.98509647020009, 45.727235012386004], [114.46033165899607, 45.339816799493825], [113.46390669154417, 44.80889313412712], [112.43606245325881, 45.01164561622429], [111.8733061056003, 45.10207937273506], [111.34837690637946, 44.45744171811009], [111.66773725794323, 44.07317576758771], [111.82958784388137, 43.74311839453952], [111.12968224492023, 43.40683401140015], [110.41210330611528, 42.87123362891103], [109.24359581913146, 42.5194463160841], [107.74477257693795, 42.48151581478187], [106.12931562706169, 42.13432770442891], [104.96499393109347, 41.59740957291635], [104.52228193564899, 41.908346666016556], [103.31227827353482, 41.9074681666676], [101.83304039917994, 42.51487295182628], [100.84586551310827, 42.66380442969145], [99.51581749878004, 42.524691473961724], [97.45175744017801, 42.74888967546002], [96.34939578652781, 42.725635280928685], [95.76245486855669, 43.319449164394605], [95.30687544147153, 44.24133087826547], [94.68892866412533, 44.35233185482842], [93.4807336771413, 44.975472113619965], [92.13389082231822, 45.11507599545646], [90.9455395853343, 45.28607330991028], [90.58576826371828, 45.71971609148753], [90.97080936072501, 46.88814606382293], [90.28082563676392, 47.69354909930793], [88.85429772334676, 48.069081732772965], [88.01383222855173, 48.599462795600616], [87.75126427607671, 49.297197984405486]]]}}, {"type": "Feature", "properties": {"scalerank": 1, "featurecla": "Admin-0country", "labelrank": 3.0, "sovereignt": "Malaysia", "sov_a3": "MYS", "adm0_dif": 0.0, "level": 2.0, "type": "Sovereigncountry", "admin": "Malaysia", "adm0_a3": "MYS", "geou_dif": 0.0, "geounit": "Malaysia", "gu_a3": "MYS", "su_dif": 0.0, "subunit": "Malaysia", "su_a3": "MYS", "brk_diff": 0.0, "name": "Malaysia", "name_long": "Malaysia", "brk_a3": "MYS", "brk_name": "Malaysia", "brk_group": null, "abbrev": "Malay.", "postal": "MY", "formal_en": "Malaysia", "formal_fr": null, "note_adm0": null, "note_brk": null, "name_sort": "Malaysia", "name_alt": null, "mapcolor7": 2.0, "mapcolor8": 4.0, "mapcolor9": 3.0, "mapcolor13": 6.0, "pop_est": 25715819.0, "gdp_md_est": 384300.0, "pop_year": -99.0, "lastcensus": 2010.0, "gdp_year": -99.0, "economy": "6.Developingregion", "income_grp": "3.Uppermiddleincome", "wikipedia": -99.0, "fips_10": null, "iso_a2": "MY", "iso_a3": "MYS", "iso_n3": "458", "un_a3": "458", "wb_a2": "MY", "wb_a3": "MYS", "woe_id": -99.0, "adm0_a3_is": "MYS", "adm0_a3_us": "MYS", "adm0_a3_un": -99.0, "adm0_a3_wb": -99.0, "continent": "Asia", "region_un": "Asia", "subregion": "South-EasternAsia", "region_wb": "EastAsia&Pacific", "name_len": 8.0, "long_len": 8.0, "abbrev_len": 6.0, "tiny": -99.0, "homepart": 1.0}, "geometry": {"type": "MultiPolygon", "coordinates": [[[[101.07551557821333, 6.204867051615892], [101.15421878459384, 5.691384182147715], [101.81428185425804, 5.810808417174229], [102.14118696493645, 6.221636053894656], [102.37114708863524, 6.128205064310961], [102.9617053568667, 5.524495144061078], [103.38121463421217, 4.855001125503748], [103.4385754740562, 4.181605536308382], [103.33212202353488, 3.726697902842972], [103.42942874554055, 3.38286876058902], [103.50244754436889, 2.791018581550205], [103.85467410687036, 2.515454006353764], [104.24793175661151, 1.631141058759056], [104.22881147666354, 1.293048000489534], [103.51970747275445, 1.226333726400682], [102.5736153503548, 1.967115383304744], [101.39063846232918, 2.760813706875624], [101.27353966675585, 3.270291652841181], [100.6954354187067, 3.93913971599487], [100.5574076680551, 4.76728038168828], [100.19670617065773, 5.31249258058368], [100.30626020711654, 6.040561835143876], [100.08575687052709, 6.464489447450291], [100.25959638875693, 6.642824815289572], [101.07551557821333, 6.204867051615892]]], [[[118.61832075406485, 4.478202419447541], [117.88203494677018, 4.137551377779488], [117.01521447150637, 4.306094061699469], [115.86551720587678, 4.306559149590157], [115.51907840379201, 3.169238389494396], [115.13403730678525, 2.821481838386219], [114.6213554220175, 1.430688177898887], [113.80584964401956, 1.217548732911041], [112.8598091980522, 1.497790025229946], [112.38025190638368, 1.410120957846758], [111.79754845586044, 0.904441229654651], [111.15913781132659, 0.976478176269509], [110.51406090702713, 0.773131415200993], [109.83022667850886, 1.338135687664192], [109.66326012577375, 2.006466986494985], [110.39613528853707, 1.663774725751395], [111.1688529805975, 1.850636704918784], [111.3700810079421, 2.697303371588873], [111.79692833867287, 2.885896511238073], [112.99561486211527, 3.102394924324869], [113.71293541875875, 3.893509426281128], [114.20401655482843, 4.52587392823682], [114.65959598191355, 4.00763682699781], [114.8695573263154, 4.348313706881953], [115.34746097215069, 4.316636053887009], [115.40570031134362, 4.955227565933825], [115.45071048386981, 5.447729803891562], [116.22074100145099, 6.143191229675622], [116.72510298061977, 6.924771429873999], [117.12962609260049, 6.928052883324568], [117.64339318244632, 6.422166449403306], [117.68907514859237, 5.987490139180181], [118.34769127815221, 5.708695786965464], [119.18190392463995, 5.407835598162251], [119.11069380094173, 5.016128241389865], [118.43972700406411, 4.96651886638962], [118.61832075406485, 4.478202419447541]]]]}}, {"type": "Feature", "properties": {"scalerank": 1, "featurecla": "Admin-0country", "labelrank": 3.0, "sovereignt": "Nepal", "sov_a3": "NPL", "adm0_dif": 0.0, "level": 2.0, "type": "Sovereigncountry", "admin": "Nepal", "adm0_a3": "NPL", "geou_dif": 0.0, "geounit": "Nepal", "gu_a3": "NPL", "su_dif": 0.0, "subunit": "Nepal", "su_a3": "NPL", "brk_diff": 0.0, "name": "Nepal", "name_long": "Nepal", "brk_a3": "NPL", "brk_name": "Nepal", "brk_group": null, "abbrev": "Nepal", "postal": "NP", "formal_en": "Nepal", "formal_fr": null, "note_adm0": null, "note_brk": null, "name_sort": "Nepal", "name_alt": null, "mapcolor7": 2.0, "mapcolor8": 2.0, "mapcolor9": 3.0, "mapcolor13": 12.0, "pop_est": 28563377.0, "gdp_md_est": 31080.0, "pop_year": -99.0, "lastcensus": 2001.0, "gdp_year": -99.0, "economy": "7.Leastdevelopedregion", "income_grp": "5.Lowincome", "wikipedia": -99.0, "fips_10": null, "iso_a2": "NP", "iso_a3": "NPL", "iso_n3": "524", "un_a3": "524", "wb_a2": "NP", "wb_a3": "NPL", "woe_id": -99.0, "adm0_a3_is": "NPL", "adm0_a3_us": "NPL", "adm0_a3_un": -99.0, "adm0_a3_wb": -99.0, "continent": "Asia", "region_un": "Asia", "subregion": "SouthernAsia", "region_wb": "SouthAsia", "name_len": 5.0, "long_len": 5.0, "abbrev_len": 5.0, "tiny": -99.0, "homepart": 1.0}, "geometry": {"type": "Polygon", "coordinates": [[[88.12044070836987, 27.876541652939594], [88.04313276566123, 27.445818589786825], [88.17480431514092, 26.81040517832595], [88.06023766474982, 26.41461538340249], [87.2274719583663, 26.397898057556077], [86.02439293817918, 26.63098460540857], [85.25177859898338, 26.726198431906344], [84.6750179381738, 27.234901231387536], [83.30424889519955, 27.36450572357556], [81.99998742058497, 27.925479234319994], [81.05720258985203, 28.416095282499043], [80.08842451367627, 28.79447011974014], [80.4767212259174, 29.72986522065534], [81.11125613802932, 30.183480943313402], [81.52580447787474, 30.42271698660863], [82.32751264845088, 30.115268052688137], [83.33711510613719, 29.463731594352197], [83.89899295444673, 29.320226141877658], [84.23457970575015, 28.839893703724698], [85.01163821812304, 28.642773952747344], [85.82331994013151, 28.203575954698707], [86.9545170430006, 27.974261786403517], [88.12044070836987, 27.876541652939594]]]}}, {"type": "Feature", "properties": {"scalerank": 1, "featurecla": "Admin-0country", "labelrank": 2.0, "sovereignt": "Pakistan", "sov_a3": "PAK", "adm0_dif": 0.0, "level": 2.0, "type": "Sovereigncountry", "admin": "Pakistan", "adm0_a3": "PAK", "geou_dif": 0.0, "geounit": "Pakistan", "gu_a3": "PAK", "su_dif": 0.0, "subunit": "Pakistan", "su_a3": "PAK", "brk_diff": 0.0, "name": "Pakistan", "name_long": "Pakistan", "brk_a3": "PAK", "brk_name": "Pakistan", "brk_group": null, "abbrev": "Pak.", "postal": "PK", "formal_en": "IslamicRepublicofPakistan", "formal_fr": null, "note_adm0": null, "note_brk": null, "name_sort": "Pakistan", "name_alt": null, "mapcolor7": 2.0, "mapcolor8": 2.0, "mapcolor9": 3.0, "mapcolor13": 11.0, "pop_est": 176242949.0, "gdp_md_est": 427300.0, "pop_year": -99.0, "lastcensus": 1998.0, "gdp_year": -99.0, "economy": "5.Emergingregion:G20", "income_grp": "4.Lowermiddleincome", "wikipedia": -99.0, "fips_10": null, "iso_a2": "PK", "iso_a3": "PAK", "iso_n3": "586", "un_a3": "586", "wb_a2": "PK", "wb_a3": "PAK", "woe_id": -99.0, "adm0_a3_is": "PAK", "adm0_a3_us": "PAK", "adm0_a3_un": -99.0, "adm0_a3_wb": -99.0, "continent": "Asia", "region_un": "Asia", "subregion": "SouthernAsia", "region_wb": "SouthAsia", "name_len": 8.0, "long_len": 8.0, "abbrev_len": 4.0, "tiny": -99.0, "homepart": 1.0}, "geometry": {"type": "Polygon", "coordinates": [[[75.15802778514092, 37.13303091078912], [75.89689741405013, 36.666806138651836], [76.19284834178569, 35.89840342868783], [77.83745079947457, 35.494009507787766], [76.87172163280403, 34.65354401299274], [75.75706098826834, 34.50492259372132], [74.24020267120497, 34.748887030571254], [73.74994835805197, 34.31769887952785], [74.10429365427734, 33.44147329358685], [74.45155927927871, 32.7648996038055], [75.25864179881322, 32.2711054550405], [74.40592898956501, 31.69263947196528], [74.42138024282028, 30.979814764931177], [73.45063846221743, 29.97641347911987], [72.8237516620847, 28.961591701772054], [71.77766564320032, 27.913180243434525], [70.61649620960193, 27.989196275335868], [69.51439293811313, 26.940965684511372], [70.16892662952202, 26.491871649678842], [70.2828731627256, 25.72222870533983], [70.84469933460284, 25.21510203704352], [71.04324018746823, 24.3565239527302], [68.84259931831878, 24.35913361256094], [68.1766451353734, 23.69196503345671], [67.44366661974547, 23.94484365487699], [67.14544192898907, 24.663611151624647], [66.37282758979327, 25.42514089609385], [64.53040774929113, 25.23703868255143], [62.90570071803461, 25.21840932871021], [61.49736290878419, 25.0782370061185], [61.87418745305655, 26.239974880472104], [63.31663170761959, 26.756532497661667], [63.2338977395203, 27.21704702403071], [62.75542565292986, 27.378923448184988], [62.72783043808599, 28.25964488373539], [61.77186811711863, 28.6993338078908], [61.36930870956494, 29.303276272085924], [60.87424848820879, 29.829238999952608], [62.54985680527278, 29.31857249604431], [63.55026085801117, 29.468330796826166], [64.14800215033125, 29.340819200145972], [64.35041873561852, 29.560030625928093], [65.0468620136161, 29.472180691031905], [66.34647260932442, 29.887943427036177], [66.38145755398602, 30.738899237586452], [66.93889122911847, 31.304911200479353], [67.68339358914747, 31.30315420178142], [67.79268924344478, 31.58293040620963], [68.55693200060932, 31.713310044882018], [68.92667687365767, 31.620189113892067], [69.31776411324256, 31.901412258424443], [69.26252200712256, 32.5019440780883], [69.68714725126486, 33.105498969041236], [70.3235941913716, 33.35853261975839], [69.9305432473596, 34.02012014417511], [70.8818030129884, 33.98885590263852], [71.15677330921346, 34.34891144463215], [71.11501875192164, 34.733125718722235], [71.61307620635071, 35.153203436822864], [71.49876793812109, 35.650563259416], [71.26234826038575, 36.074387518857804], [71.84629194528392, 36.50994232842986], [72.92002485544447, 36.72000702569632], [74.06755171091783, 36.83617564548845], [74.57589277537298, 37.02084137628346], [75.15802778514092, 37.13303091078912]]]}}, {"type": "Feature", "properties": {"scalerank": 1, "featurecla": "Admin-0country", "labelrank": 2.0, "sovereignt": "Philippines", "sov_a3": "PHL", "adm0_dif": 0.0, "level": 2.0, "type": "Sovereigncountry", "admin": "Philippines", "adm0_a3": "PHL", "geou_dif": 0.0, "geounit": "Philippines", "gu_a3": "PHL", "su_dif": 0.0, "subunit": "Philippines", "su_a3": "PHL", "brk_diff": 0.0, "name": "Philippines", "name_long": "Philippines", "brk_a3": "PHL", "brk_name": "Philippines", "brk_group": null, "abbrev": "Phil.", "postal": "PH", "formal_en": "RepublicofthePhilippines", "formal_fr": null, "note_adm0": null, "note_brk": null, "name_sort": "Philippines", "name_alt": null, "mapcolor7": 3.0, "mapcolor8": 2.0, "mapcolor9": 2.0, "mapcolor13": 8.0, "pop_est": 97976603.0, "gdp_md_est": 317500.0, "pop_year": -99.0, "lastcensus": 2010.0, "gdp_year": -99.0, "economy": "5.Emergingregion:G20", "income_grp": "4.Lowermiddleincome", "wikipedia": -99.0, "fips_10": null, "iso_a2": "PH", "iso_a3": "PHL", "iso_n3": "608", "un_a3": "608", "wb_a2": "PH", "wb_a3": "PHL", "woe_id": -99.0, "adm0_a3_is": "PHL", "adm0_a3_us": "PHL", "adm0_a3_un": -99.0, "adm0_a3_wb": -99.0, "continent": "Asia", "region_un": "Asia", "subregion": "South-EasternAsia", "region_wb": "EastAsia&Pacific", "name_len": 11.0, "long_len": 11.0, "abbrev_len": 5.0, "tiny": -99.0, "homepart": 1.0}, "geometry": {"type": "MultiPolygon", "coordinates": [[[[126.37681359263749, 8.414706325713354], [126.4785128113879, 7.750354112168978], [126.53742394420064, 7.189380601424574], [126.19677290253256, 6.27429433840004], [125.8314205262291, 7.293715318221857], [125.3638521668523, 6.786485297060992], [125.68316084198372, 6.049656887227258], [125.39651167206065, 5.58100332277229], [124.21978763234236, 6.161355495626182], [123.93871951710693, 6.885135606306122], [124.24366214406135, 7.360610459823661], [123.61021243702757, 7.833527329942754], [123.29607140512522, 7.418875637232787], [122.8255058126754, 7.457374579290217], [122.08549930225578, 6.899424139834849], [121.91992801319262, 7.192119452336073], [122.31235884001714, 8.034962063016508], [122.94239790251967, 8.316236883981176], [123.48768761606354, 8.693009751821194], [123.84115441293986, 8.240324204944386], [124.60146976125023, 8.514157619659017], [124.76461225799565, 8.96040945071546], [125.47139082245158, 8.986996975129642], [125.4121179546128, 9.760334784377548], [126.22271447154318, 9.286074327018852], [126.30663699758512, 8.782487494334575], [126.37681359263749, 8.414706325713354]]], [[[123.98243777882581, 10.278778591345812], [123.6231832215328, 9.950090643753299], [123.30992068897936, 9.318268744336677], [122.99588300994165, 9.0221886255204], [122.38005496631948, 9.713360907424203], [122.5860889018671, 9.981044826696106], [122.83708133350873, 10.261156927934238], [122.94741051645192, 10.88186839440803], [123.49884972543848, 10.940624497923949], [123.33777428598475, 10.267383938025446], [124.07793582570125, 11.23272553145371], [123.98243777882581, 10.278778591345812]]], [[[118.50458092659036, 9.31638255455809], [117.17427453010069, 8.367499904814665], [117.6644771668214, 9.066888739452935], [118.38691369026176, 9.684499619989225], [118.98734215706108, 10.376292019080509], [119.51149620979757, 11.369668077027214], [119.68967654833992, 10.554291490109875], [119.029458449379, 10.003653265823871], [118.50458092659036, 9.31638255455809]]], [[[121.88354780485915, 11.89175507247198], [122.48382124236147, 11.582187404827508], [123.12021650603597, 11.58366018314787], [123.10083784392648, 11.16593374271649], [122.63771365772672, 10.741308498574227], [122.00261030485959, 10.441016750526089], [121.96736697803655, 10.905691229694625], [122.03837039600555, 11.41584096928004], [121.88354780485915, 11.89175507247198]]], [[[125.50255171112352, 12.162694606978349], [125.78346479706218, 11.046121934447768], [125.01188398651229, 11.31145457605038], [125.03276126515814, 10.975816148314706], [125.27744917206027, 10.358722032101312], [124.80181928924574, 10.134678859899893], [124.7601680848185, 10.837995103392302], [124.45910119028608, 10.889929917845635], [124.30252160044174, 11.49537099857723], [124.89101281138161, 11.415582587118593], [124.87799035044398, 11.794189968304991], [124.26676150929572, 12.557760931849685], [125.22711632700785, 12.535720933477194], [125.50255171112352, 12.162694606978349]]], [[[121.52739383350351, 13.06959015548452], [121.26219038298157, 12.205560207564403], [120.83389611214656, 12.70449616134242], [120.3234363139675, 13.46641347905387], [121.18012820850217, 13.429697373910443], [121.52739383350351, 13.06959015548452]]], [[[121.3213082215236, 18.504064642811016], [121.9376013530364, 18.218552354398383], [122.24600630095429, 18.478949896717097], [122.336956821788, 18.224882717354177], [122.1742794129332, 17.810282701076375], [122.51565392465338, 17.093504746971973], [122.25231082569391, 16.262444362854126], [121.6627860861083, 15.931017564350128], [121.50506961475341, 15.124813544164624], [121.72882856657728, 14.328376369682246], [122.25892540902734, 14.218202216035976], [122.70127566944566, 14.33654124598442], [123.95029503794026, 13.78213064214107], [123.85510704965864, 13.237771104378467], [124.1812886902849, 12.997527370653472], [124.07741906137827, 12.536676947474575], [123.29803510955227, 13.027525539598983], [122.92865197152994, 13.552919826710408], [122.67135501514869, 13.185836289925135], [122.03464969288055, 13.784481919810347], [121.12638471891862, 13.636687323455561], [120.62863732308332, 13.857655747935652], [120.67938357959386, 14.271015529838323], [120.99181928923056, 14.525392767795083], [120.6933362163127, 14.756670640517285], [120.564145135583, 14.396279201713824], [120.07042850146641, 14.970869452367097], [119.92092858284613, 15.40634674729074], [119.88377322802828, 16.363704331929966], [120.28648766487882, 16.03462881109533], [120.39004723519176, 17.59908112229951], [120.71586714079191, 18.50522736253754], [121.3213082215236, 18.504064642811016]]]]}}, {"type": "Feature", "properties": {"scalerank": 1, "featurecla": "Admin-0country", "labelrank": 3.0, "sovereignt": "NorthKorea", "sov_a3": "PRK", "adm0_dif": 0.0, "level": 2.0, "type": "Sovereigncountry", "admin": "NorthKorea", "adm0_a3": "PRK", "geou_dif": 0.0, "geounit": "NorthKorea", "gu_a3": "PRK", "su_dif": 0.0, "subunit": "NorthKorea", "su_a3": "PRK", "brk_diff": 0.0, "name": "Dem.Rep.Korea", "name_long": "Dem.Rep.Korea", "brk_a3": "PRK", "brk_name": "Dem.Rep.Korea", "brk_group": null, "abbrev": "N.K.", "postal": "KP", "formal_en": "DemocraticPeople'sRepublicofKorea", "formal_fr": null, "note_adm0": null, "note_brk": null, "name_sort": "Korea,Dem.Rep.", "name_alt": null, "mapcolor7": 3.0, "mapcolor8": 5.0, "mapcolor9": 3.0, "mapcolor13": 9.0, "pop_est": 22665345.0, "gdp_md_est": 40000.0, "pop_year": -99.0, "lastcensus": 2009.0, "gdp_year": -99.0, "economy": "7.Leastdevelopedregion", "income_grp": "5.Lowincome", "wikipedia": -99.0, "fips_10": null, "iso_a2": "KP", "iso_a3": "PRK", "iso_n3": "408", "un_a3": "408", "wb_a2": "KP", "wb_a3": "PRK", "woe_id": -99.0, "adm0_a3_is": "PRK", "adm0_a3_us": "PRK", "adm0_a3_un": -99.0, "adm0_a3_wb": -99.0, "continent": "Asia", "region_un": "Asia", "subregion": "EasternAsia", "region_wb": "EastAsia&Pacific", "name_len": 15.0, "long_len": 15.0, "abbrev_len": 4.0, "tiny": -99.0, "homepart": 1.0}, "geometry": {"type": "Polygon", "coordinates": [[[130.64001590385243, 42.39500946712528], [130.78000735893113, 42.22000722916885], [130.40003055228902, 42.28000356705971], [129.96594852103726, 41.94136790625106], [129.66736209525482, 41.60110443782523], [129.70518924369247, 40.88282786718433], [129.18811486218, 40.66180776627199], [129.01039961152821, 40.485436102859815], [128.63336836152672, 40.18984691015031], [127.96741417858135, 40.02541250259756], [127.53343550019417, 39.7568500839767], [127.5021195822253, 39.32393077245153], [127.38543419811027, 39.213472398427655], [127.78334272675772, 39.05089834243742], [128.34971642467661, 38.61224294692785], [128.20574588431145, 38.37039724380189], [127.78003543509101, 38.30453563084589], [127.07330854706737, 38.2561148137884], [126.68371992401893, 37.80477285415118], [126.23733890188176, 37.84037791600028], [126.17475874237624, 37.74968577732804], [125.68910363169721, 37.94001007745902], [125.5684391622957, 37.75208873142962], [125.2753304383362, 37.669070542952724], [125.24008711151316, 37.85722443292744], [124.98103315643397, 37.94882090916478], [124.71216067921938, 38.10834605564979], [124.98599409393398, 38.54847422947968], [125.2219486837787, 38.66585724543067], [125.13285851450752, 38.84855927179859], [125.3865897970606, 39.387957872061165], [125.32111575734682, 39.55138458918421], [124.7374821310424, 39.66034434667162], [124.26562462778531, 39.928493353834156], [125.07994184784064, 40.56982371679245], [126.18204511932943, 41.10733612727637], [126.86908328664987, 41.81656932226619], [127.34378299368302, 41.50315176041597], [128.20843305879066, 41.46677155208249], [128.0522152039723, 41.99428457291795], [129.59666873587952, 42.42498179785456], [129.99426720593323, 42.985386867843786], [130.64001590385243, 42.39500946712528]]]}}, {"type": "Feature", "properties": {"scalerank": 1, "featurecla": "Admin-0country", "labelrank": 2.0, "sovereignt": "Russia", "sov_a3": "RUS", "adm0_dif": 0.0, "level": 2.0, "type": "Sovereigncountry", "admin": "Russia", "adm0_a3": "RUS", "geou_dif": 0.0, "geounit": "Russia", "gu_a3": "RUS", "su_dif": 0.0, "subunit": "Russia", "su_a3": "RUS", "brk_diff": 0.0, "name": "Russia", "name_long": "RussianFederation", "brk_a3": "RUS", "brk_name": "Russia", "brk_group": null, "abbrev": "Rus.", "postal": "RUS", "formal_en": "RussianFederation", "formal_fr": null, "note_adm0": null, "note_brk": null, "name_sort": "RussianFederation", "name_alt": null, "mapcolor7": 2.0, "mapcolor8": 5.0, "mapcolor9": 7.0, "mapcolor13": 7.0, "pop_est": 140041247.0, "gdp_md_est": 2266000.0, "pop_year": -99.0, "lastcensus": 2010.0, "gdp_year": -99.0, "economy": "3.Emergingregion:BRIC", "income_grp": "3.Uppermiddleincome", "wikipedia": -99.0, "fips_10": null, "iso_a2": "RU", "iso_a3": "RUS", "iso_n3": "643", "un_a3": "643", "wb_a2": "RU", "wb_a3": "RUS", "woe_id": -99.0, "adm0_a3_is": "RUS", "adm0_a3_us": "RUS", "adm0_a3_un": -99.0, "adm0_a3_wb": -99.0, "continent": "Europe", "region_un": "Europe", "subregion": "EasternEurope", "region_wb": "Europe&CentralAsia", "name_len": 6.0, "long_len": 18.0, "abbrev_len": 4.0, "tiny": -99.0, "homepart": 1.0}, "geometry": {"type": "MultiPolygon", "coordinates": [[[[143.64800744036287, 50.74760040954152], [144.65414757708564, 48.976390692737596], [143.17392785051723, 49.30655141865037], [142.5586682476501, 47.861575018904915], [143.53349246640406, 46.83672801369249], [143.50527713437262, 46.13790761980948], [142.74770063697392, 46.74076487892657], [142.0920300640545, 45.96675527605879], [141.90692508358504, 46.80592886004655], [142.0184428244709, 47.780132961612935], [141.90444461483506, 48.85918854429957], [142.13580000220568, 49.61516307229746], [142.1799833518153, 50.95234243428192], [141.59407596249005, 51.93543488220254], [141.68254601457366, 53.30196645772878], [142.60693403541077, 53.762145087287905], [142.2097489768154, 54.22547597921687], [142.654786411713, 54.36588084575388], [142.91461551327657, 53.70457754171474], [143.26084760963207, 52.74076040303905], [143.23526777564766, 51.75666026468875], [143.64800744036287, 50.74760040954152]]], [[[22.731098667092652, 54.327536932993326], [20.892244500418656, 54.312524929412575], [19.660640089606403, 54.426083889373984], [19.888481479581344, 54.8661603867715], [21.2684489275035, 55.19048167583529], [22.315723504330606, 55.0152985703659], [22.757763706155288, 54.85657440858142], [22.651051873472568, 54.58274099386671], [22.731098667092652, 54.327536932993326]]], [[[-175.01425, 66.58435], [-174.33983, 66.33556], [-174.57182, 67.06219], [-171.85731, 66.91308], [-169.89958, 65.97724], [-170.89107, 65.54139], [-172.53025, 65.43791], [-172.555, 64.46079], [-172.95533, 64.25269], [-173.89184, 64.2826], [-174.65392, 64.63125], [-175.98353, 64.92288], [-176.20716, 65.35667], [-177.22266, 65.52024], [-178.35993, 65.39052], [-178.90332, 65.74044], [-178.68611, 66.11211], [-179.88377, 65.87456], [-179.43268, 65.40411], [-180.0, 64.97970870219837], [-180.0, 68.96363636363637], [-177.55, 68.2], [-174.92825, 67.20589], [-175.01425, 66.58435]]], [[[180.00000000000014, 70.83219920854668], [178.9034250000001, 70.78114], [178.7253, 71.0988], [180.00000000000014, 71.51571433642826], [180.00000000000014, 70.83219920854668]]], [[[-178.69378, 70.89302], [-180.0, 70.83219920854668], [-180.0, 71.51571433642826], [-179.87187, 71.55762], [-179.02433, 71.55553], [-177.577945, 71.26948], [-177.663575, 71.13277], [-178.69378, 70.89302]]], [[[143.60385, 73.21244], [142.08763, 73.20544], [140.038155, 73.31692], [139.86312, 73.36983], [140.81171, 73.76506], [142.06207, 73.85758], [143.48283, 73.47525], [143.60385, 73.21244]]], [[[150.73167, 75.08406], [149.575925, 74.68892], [147.97746, 74.778355], [146.11919, 75.17298], [146.358485, 75.49682], [148.22223, 75.345845], [150.73167, 75.08406]]], [[[145.086285, 75.56262], [144.3, 74.82], [140.61381, 74.84768], [138.95544, 74.61148], [136.97439, 75.26167], [137.51176, 75.94917], [138.831075, 76.13676], [141.47161, 76.09289], [145.086285, 75.56262]]], [[[57.5356925799924, 70.72046397570216], [56.94497928246395, 70.63274323188668], [53.6773751157842, 70.76265778266847], [53.41201663596539, 71.2066616889202], [51.60189456564572, 71.47475901965049], [51.45575361512422, 72.01488108996514], [52.47827518088357, 72.22944163684096], [52.444168735570855, 72.77473135038485], [54.42761355979766, 73.62754751249759], [53.50828982932515, 73.74981395130015], [55.90245893740766, 74.62748647734534], [55.631932814359715, 75.08141225859717], [57.86864383324885, 75.60939036732321], [61.170044386647504, 76.25188345000814], [64.49836836127022, 76.43905548776928], [66.2109770038551, 76.80978221303124], [68.15705976753483, 76.93969676381292], [68.85221113472514, 76.54481130645462], [68.18057254422766, 76.23364166940911], [64.63732628770302, 75.73775462513623], [61.58350752141476, 75.2608845079468], [58.47708214705338, 74.30905630156283], [56.98678551618801, 73.33304352486624], [55.419335971910954, 72.37126760526598], [55.622837762276305, 71.54059479439033], [57.5356925799924, 70.72046397570216]]], [[[106.97013000000013, 76.97419], [107.24000000000015, 76.48], [108.1538, 76.72335000000015], [111.07726000000017, 76.71], [113.33151, 76.22224], [114.13417, 75.84764], [113.88539, 75.32779000000014], [112.77918, 75.03186], [110.1512500000002, 74.47673], [109.4, 74.18], [110.64, 74.04], [112.11919, 73.78774000000013], [113.01954000000026, 73.97693000000015], [113.52958000000032, 73.33505000000011], [113.96881, 73.5948800000001], [115.56782, 73.75285], [118.77633000000023, 73.58772], [119.02, 73.12], [123.20066000000011, 72.97122], [123.25777000000019, 73.73503000000011], [125.3800000000002, 73.56], [126.97644, 73.56549], [128.59126, 73.03871], [129.05157, 72.39872], [128.46000000000012, 71.98], [129.71599000000023, 71.19304], [131.28858000000028, 70.78699000000012], [132.25350000000017, 71.83630000000011], [133.85766000000032, 71.38642000000016], [135.56193, 71.65525000000014], [137.49755, 71.34763], [138.23409000000018, 71.62803], [139.86983000000012, 71.48783000000014], [139.14791, 72.41619000000011], [140.46817, 72.84941000000015], [149.5, 72.2], [150.3511800000002, 71.60643], [152.96890000000022, 70.84222], [157.00688, 71.03141], [158.99779, 70.86672], [159.83031000000025, 70.45324], [159.70866, 69.72198], [160.94053000000034, 69.4372800000001], [162.27907000000013, 69.64204], [164.05248000000014, 69.66823], [165.94037000000023, 69.47199], [167.83567, 69.58269], [169.5776300000002, 68.6938], [170.81688000000028, 69.01363], [170.0082000000002, 69.65276], [170.4534500000003, 70.09703], [173.64391000000026, 69.81743], [175.72403000000023, 69.87725000000023], [178.6, 69.4], [180.00000000000014, 68.96363636363657], [180.00000000000014, 64.97970870219848], [179.99281, 64.97433], [178.70720000000026, 64.53493], [177.41128000000018, 64.60821], [178.31300000000024, 64.07593], [178.9082500000002, 63.25197000000014], [179.37034, 62.98262000000011], [179.48636, 62.56894], [179.22825000000014, 62.30410000000015], [177.3643, 62.5219], [174.56929000000022, 61.76915], [173.68013, 61.65261], [172.15, 60.95], [170.6985000000001, 60.33618], [170.3308500000003, 59.88177], [168.90046, 60.57355], [166.29498000000032, 59.788550000000214], [165.84000000000023, 60.16], [164.87674, 59.7316], [163.53929000000014, 59.86871], [163.21711000000025, 59.21101], [162.0173300000001, 58.24328], [162.05297, 57.83912], [163.19191, 57.615030000000104], [163.05794000000017, 56.159240000000125], [162.12958000000023, 56.12219], [161.70146, 55.285680000000156], [162.11749000000017, 54.85514], [160.36877000000035, 54.34433], [160.02173000000025, 53.20257], [158.5309400000002, 52.95868000000024], [158.23118, 51.94269], [156.7897900000003, 51.01105], [156.42000000000016, 51.7], [155.99182, 53.15895], [155.43366000000012, 55.38103000000012], [155.91442000000032, 56.767920000000146], [156.75815, 57.3647], [156.8103500000001, 57.83204], [158.3643300000002, 58.05575], [160.15064000000015, 59.314770000000124], [161.87204, 60.34300000000013], [163.66969, 61.1409000000001], [164.47355000000013, 62.55061], [163.2584200000002, 62.46627], [162.65791, 61.6425], [160.1214800000001, 60.54423], [159.30232, 61.7739600000001], [156.7206800000001, 61.43442], [154.21806000000035, 59.758180000000124], [155.04375, 59.14495], [152.81185, 58.88385], [151.26573000000027, 58.78089], [151.33815000000013, 59.50396], [149.78371, 59.65573000000015], [148.54481, 59.16448], [145.48722, 59.33637], [142.19782000000018, 59.03998], [138.95848000000032, 57.08805], [135.12619, 54.72959], [136.70171, 54.603550000000126], [137.19342, 53.97732], [138.1647, 53.755010000000254], [138.80463, 54.25455000000011], [139.90151, 54.18968000000018], [141.34531, 53.08957000000012], [141.37923, 52.23877], [140.5974200000002, 51.2396700000001], [140.51308, 50.04553000000013], [140.06193000000022, 48.44671000000017], [138.55472000000023, 46.99965], [138.21971, 46.30795], [136.86232, 45.14350000000019], [135.5153500000002, 43.989], [134.86939000000027, 43.39821], [133.53687000000028, 42.81147], [132.90627000000015, 42.7984900000001], [132.27807000000027, 43.28456000000011], [130.93587000000016, 42.55274], [130.78, 42.2200000000002], [130.64000000000019, 42.395], [130.63386640840983, 42.90301463477056], [131.144687941615, 42.92998973242695], [131.28855512911562, 44.111519680348266], [131.02519000000026, 44.96796], [131.8834542176596, 45.32116160743652], [133.09712000000022, 45.14409], [133.7696439963132, 46.116926988299156], [134.1123500000002, 47.21248000000014], [134.50081, 47.578450000000146], [135.0263114767868, 48.47822988544391], [133.37359581922803, 48.18344167743484], [132.50669000000013, 47.78896], [130.98726000000013, 47.79013], [130.58229332898267, 48.729687404976204], [129.3978178244205, 49.440600084015614], [127.65740000000037, 49.76027], [127.28745568248493, 50.73979726826545], [126.93915652883786, 51.35389415140591], [126.564399041857, 51.7842554795327], [125.94634891164648, 52.79279857035695], [125.06821129771046, 53.16104482686893], [123.57147, 53.4588], [122.24574791879306, 53.431725979213695], [121.00308475147037, 53.25140106873124], [120.1770886577169, 52.75388621684121], [120.725789015792, 52.51622630473091], [120.7382, 51.96411], [120.18208000000018, 51.64355], [119.27939, 50.58292], [119.28846072802585, 50.14288279886196], [117.8792444194265, 49.51098338479704], [116.67880089728621, 49.888531399121405], [115.48569542853144, 49.80517731383475], [114.9621098165504, 50.14024730081513], [114.36245649623535, 50.248302720737485], [112.89773969935439, 49.54356537535699], [111.58123091028668, 49.37796824807768], [110.66201053267886, 49.13012807880585], [109.40244917199672, 49.29296051695769], [108.47516727095129, 49.28254771585071], [107.86817589725112, 49.793705145865886], [106.88880415245532, 50.27429596618029], [105.8865914245869, 50.406019192092174], [104.62158, 50.275320000000164], [103.67654544476036, 50.089966132195144], [102.25589000000011, 50.51056000000011], [102.06521, 51.259910000000104], [100.88948042196265, 51.51685578063842], [99.98173221232358, 51.63400625264396], [98.8614905131005, 52.04736603454671], [97.82573978067452, 51.01099518493325], [98.23176150919173, 50.42240062112873], [97.25976000000023, 49.72605], [95.81402000000017, 49.97746000000012], [94.81594933469879, 50.01343333597089], [94.14756635943561, 50.48053660745717], [93.10421, 50.49529], [92.23471154171969, 50.80217072204175], [90.71366743364078, 50.331811835321105], [88.80556684769559, 49.47052073831247], [87.75126427607685, 49.29719798440556], [87.3599703307627, 49.21498078062916], [86.82935672398966, 49.82667470966814], [85.5412699726825, 49.69285858824816], [85.11555952346211, 50.11730296487764], [84.41637739455305, 50.311399644565824], [83.93511478061893, 50.88924551045358], [83.38300377801247, 51.069182847693895], [81.94598554883996, 50.81219594990634], [80.56844689323546, 51.38833649352844], [80.03555952344172, 50.864750881547224], [77.80091556184433, 53.40441498474755], [76.52517947785478, 54.17700348572714], [76.89110029491346, 54.49052440044193], [74.38482000000013, 53.54685000000012], [73.42567874542053, 53.489810289109755], [73.50851606638437, 54.0356167669766], [72.22415001820221, 54.37665538188679], [71.1801310566095, 54.13328522400826], [70.86526655465516, 55.169733588270105], [69.0681669452729, 55.3852501491435], [68.16910037625891, 54.97039175070438], [65.6668700000001, 54.601250000000164], [65.17853356309595, 54.35422781027208], [61.43660000000014, 54.00625], [60.97806644068325, 53.66499339457914], [61.699986199800634, 52.97999644633427], [60.73999311711455, 52.71998647725775], [60.92726850774025, 52.44754832621501], [59.967533807215574, 51.960420437215674], [61.58800337102414, 51.272658799843185], [61.33742435084102, 50.79907013610426], [59.932807244715576, 50.842194118851836], [59.64228234237058, 50.545442206415714], [58.36332000000013, 51.06364], [56.77798, 51.04355], [55.71694000000011, 50.62171000000015], [54.532878452376195, 51.02623973245937], [52.32872358583106, 51.718652248738096], [50.76664839051219, 51.692762356159875], [48.70238162618105, 50.60512848571284], [48.577841424357615, 49.874759629915644], [47.549480421749394, 50.454698391311126], [46.75159630716277, 49.35600576435374], [47.0436715024766, 49.152038886097586], [46.4664457537763, 48.39415233010493], [47.31524000000016, 47.71585], [48.05725, 47.74377], [48.694733514201886, 47.0756281601779], [48.593250000000154, 46.561040000000105], [49.101160000000135, 46.399330000000106], [48.64541000000011, 45.80629], [47.67591, 45.64149000000012], [46.68201, 44.6092000000001], [47.59094, 43.66016000000013], [47.49252, 42.98658], [48.58437000000018, 41.80888], [47.98728315612604, 41.4058192001944], [47.81566572448466, 41.15141612402135], [47.373315464066394, 41.21973236751114], [46.686070591016716, 41.827137152669906], [46.40495079934894, 41.86067515722743], [45.7764, 42.09244000000024], [45.470279168485916, 42.50278066667005], [44.53762291848207, 42.711992702803684], [43.93121000000011, 42.55496000000011], [43.755990000000196, 42.74083], [42.39440000000016, 43.2203], [40.92219000000014, 43.38215000000014], [40.07696495947985, 43.553104153002494], [39.955008579271095, 43.434997666999294], [38.68, 44.28], [37.53912000000011, 44.65721], [36.67546000000013, 45.24469], [37.40317, 45.4045100000001], [38.23295, 46.24087], [37.67372, 46.63657], [39.14767, 47.044750000000136], [39.12120000000013, 47.26336], [38.22353803889948, 47.10218984637598], [38.25511233902981, 47.54640045835697], [38.77057, 47.82562000000024], [39.738277622238996, 47.89893707945208], [39.89562000000015, 48.23241], [39.67465, 48.783820000000134], [40.08078901546949, 49.30742991799937], [40.069040000000115, 49.60105], [38.59498823421356, 49.92646190042373], [38.010631137857075, 49.91566152607473], [37.39345950699524, 50.38395335550368], [36.626167840325394, 50.225590928745135], [35.35611616388812, 50.57719737405915], [35.37791, 50.77394], [35.02218305841794, 51.2075723333715], [34.22481570815441, 51.255993150428935], [34.14197838719062, 51.566413479206204], [34.391730584457235, 51.768881740925906], [33.75269982273588, 52.33507457133166], [32.71576053236717, 52.238465481162166], [32.412058139787774, 52.28869497334978], [32.15944000000022, 52.061250000000115], [31.78597, 52.10168], [31.54001834486226, 52.74205231384644], [31.305200636527985, 53.07399587667331], [31.49764, 53.16743000000014], [32.304519484188376, 53.13272614197285], [32.693643019346126, 53.35142080343215], [32.405598585751164, 53.618045355842014], [31.731272820774592, 53.79402944601202], [31.791424187962406, 53.974638576872195], [31.384472283663825, 54.15705638286238], [30.75753380709878, 54.8117709417844], [30.97183597181325, 55.081547756564134], [30.87390913262007, 55.55097646750352], [29.89629438652244, 55.7894632025305], [29.37157189303079, 55.67009064393628], [29.229513380660393, 55.91834422466641], [28.17670942557794, 56.16912995057879], [27.855282016722526, 56.75932648378438], [27.770015903440992, 57.2442581244112], [27.288184848751655, 57.47452830670392], [27.71668582531578, 57.79189911562446], [27.420150000000206, 58.72457000000014], [28.131699253051863, 59.300825100331], [27.98112, 59.47537], [29.1177, 60.02805000000012], [28.07, 60.50352000000015], [30.211107212044652, 61.780027777749694], [31.139991082491036, 62.35769277612445], [31.516092156711267, 62.867687486412905], [30.035872430142803, 63.552813625738565], [30.44468468600374, 64.20445343693908], [29.544429559047018, 64.94867157659056], [30.21765, 65.80598], [29.054588657352383, 66.94428620062203], [29.977426385220696, 67.69829702419275], [28.445943637818772, 68.364612942164], [28.591929559043365, 69.0647769232867], [29.39955, 69.15692000000018], [31.10108000000011, 69.55811], [32.13272000000026, 69.90595000000025], [33.77547, 69.30142000000012], [36.51396, 69.06342], [40.292340000000166, 67.9324], [41.05987000000013, 67.45713000000012], [41.12595000000019, 66.79158000000012], [40.01583, 66.26618000000013], [38.38295, 65.9995300000001], [33.918710000000175, 66.75961], [33.18444, 66.63253], [34.81477, 65.90015000000014], [34.87857425307877, 65.4362128770482], [34.94391000000016, 64.41437000000016], [36.23129, 64.10945], [37.01273000000012, 63.84983000000011], [37.14197000000016, 64.33471], [36.539579035089815, 64.76446], [37.17604000000014, 65.14322000000013], [39.59345, 64.52079000000018], [40.43560000000011, 64.76446], [39.76260000000016, 65.49682], [42.0930900000001, 66.47623], [43.01604000000012, 66.4185800000001], [43.94975000000014, 66.06908], [44.53226, 66.75634000000014], [43.69839, 67.35245], [44.18795000000014, 67.95051], [43.45282, 68.57079], [46.25000000000014, 68.25], [46.82134000000016, 67.68997], [45.55517, 67.56652], [45.5620200000001, 67.0100500000002], [46.34915000000015, 66.6676700000001], [47.894160000000255, 66.88455000000016], [48.13876, 67.52238], [50.22766000000016, 67.99867000000015], [53.71743000000018, 68.85738000000012], [54.47171, 68.80815], [53.48582000000013, 68.20131], [54.72628, 68.09702], [55.44268000000014, 68.43866], [57.317020000000156, 68.46628], [58.80200000000022, 68.88082], [59.94142000000019, 68.2784400000001], [61.07784000000018, 68.94069], [60.03, 69.52], [60.55, 69.85], [63.50400000000016, 69.54739], [64.888115, 69.23483500000015], [68.51216000000014, 68.09233000000017], [69.18068, 68.61563000000012], [68.16444, 69.14436], [68.13522, 69.35649], [66.93008000000012, 69.45461000000012], [67.25976, 69.92873], [66.72492000000014, 70.70889000000014], [66.69466, 71.02897000000024], [68.54006000000012, 71.93450000000024], [69.19636000000011, 72.84336000000016], [69.94, 73.04000000000013], [72.58754, 72.7762900000001], [72.79603, 72.22006], [71.8481100000001, 71.40898], [72.47011, 71.09019], [72.79188, 70.39114], [72.56470000000022, 69.02085], [73.66787, 68.4079], [73.2387, 67.7404], [71.28000000000011, 66.32000000000016], [72.42301000000018, 66.17267000000018], [72.82077, 66.53267], [73.92099000000016, 66.78946000000013], [74.1865100000002, 67.28429], [75.052, 67.76047000000017], [74.46926000000016, 68.32899], [74.93584000000013, 68.98918], [73.84236, 69.07146], [73.60187000000022, 69.62763], [74.3998, 70.63175], [73.1011, 71.44717000000026], [74.89082000000022, 72.12119], [74.65926, 72.83227], [75.15801000000019, 72.85497000000012], [75.68351, 72.30056000000013], [75.28898000000012, 71.33556], [76.35911, 71.15287000000015], [75.90313000000017, 71.87401], [77.57665000000011, 72.26717], [79.65202000000014, 72.32011], [81.5, 71.75], [80.61071000000013, 72.58285000000012], [80.51109, 73.6482], [82.25, 73.85000000000011], [84.65526, 73.80591000000018], [86.82230000000024, 73.93688], [86.00956, 74.45967000000016], [87.16682000000017, 75.11643], [88.31571000000011, 75.14393], [90.26, 75.64], [92.90058, 75.77333], [93.23421000000016, 76.0472], [95.86000000000016, 76.1400000000001], [96.67821, 75.91548], [98.92254000000023, 76.44689], [100.75967000000023, 76.43028], [101.03532, 76.86189], [101.99084000000013, 77.2875400000002], [104.3516000000001, 77.69792], [106.06664000000015, 77.37389], [104.70500000000024, 77.1274], [106.97013000000013, 76.97419]]], [[[105.07547, 78.30689], [99.43814, 77.921], [101.2649, 79.23399], [102.08635, 79.34641], [102.837815, 79.28129], [105.37243, 78.71334], [105.07547, 78.30689]]], [[[51.13618655783128, 80.54728017854094], [49.79368452332071, 80.41542776154822], [48.89441124857754, 80.3395667589437], [48.754936557821765, 80.17546824820084], [47.586119012244154, 80.01018117951534], [46.502825962109654, 80.24724681265437], [47.07245527526291, 80.55942414012947], [44.846958042181114, 80.58980988231718], [46.79913862487123, 80.77191762971364], [48.318477410684665, 80.78400991486996], [48.522806023966695, 80.51456899690015], [49.09718956889091, 80.75398590770843], [50.03976769389462, 80.91888540315182], [51.52293297710369, 80.69972565380192], [51.13618655783128, 80.54728017854094]]], [[[99.93976, 78.88094], [97.75794, 78.7562], [94.97259, 79.044745], [93.31288, 79.4265], [92.5454, 80.14379], [91.18107, 80.34146], [93.77766, 81.0246], [95.940895, 81.2504], [97.88385, 80.746975], [100.186655, 79.780135], [99.93976, 78.88094]]]]}}, {"type": "Feature", "properties": {"scalerank": 1, "featurecla": "Admin-0country", "labelrank": 3.0, "sovereignt": "Thailand", "sov_a3": "THA", "adm0_dif": 0.0, "level": 2.0, "type": "Sovereigncountry", "admin": "Thailand", "adm0_a3": "THA", "geou_dif": 0.0, "geounit": "Thailand", "gu_a3": "THA", "su_dif": 0.0, "subunit": "Thailand", "su_a3": "THA", "brk_diff": 0.0, "name": "Thailand", "name_long": "Thailand", "brk_a3": "THA", "brk_name": "Thailand", "brk_group": null, "abbrev": "Thai.", "postal": "TH", "formal_en": "KingdomofThailand", "formal_fr": null, "note_adm0": null, "note_brk": null, "name_sort": "Thailand", "name_alt": null, "mapcolor7": 3.0, "mapcolor8": 6.0, "mapcolor9": 8.0, "mapcolor13": 1.0, "pop_est": 65905410.0, "gdp_md_est": 547400.0, "pop_year": -99.0, "lastcensus": 2010.0, "gdp_year": -99.0, "economy": "5.Emergingregion:G20", "income_grp": "3.Uppermiddleincome", "wikipedia": -99.0, "fips_10": null, "iso_a2": "TH", "iso_a3": "THA", "iso_n3": "764", "un_a3": "764", "wb_a2": "TH", "wb_a3": "THA", "woe_id": -99.0, "adm0_a3_is": "THA", "adm0_a3_us": "THA", "adm0_a3_un": -99.0, "adm0_a3_wb": -99.0, "continent": "Asia", "region_un": "Asia", "subregion": "South-EasternAsia", "region_wb": "EastAsia&Pacific", "name_len": 8.0, "long_len": 8.0, "abbrev_len": 5.0, "tiny": -99.0, "homepart": 1.0}, "geometry": {"type": "Polygon", "coordinates": [[[102.5849324890267, 12.186594956913282], [101.68715783081996, 12.645740057826572], [100.83180952352487, 12.627084865769206], [100.9784672383692, 13.412721665902566], [100.09779747925111, 13.406856390837433], [100.01873253784456, 12.307001044153354], [99.47892052612363, 10.846366685423547], [99.15377241414316, 9.963061428258555], [99.22239871622676, 9.239255479362427], [99.87383182169813, 9.20786204674512], [100.27964684448622, 8.295152899606052], [100.45927412313276, 7.429572658717177], [101.01732791545273, 6.856868597842478], [101.62307905477806, 6.74062246340192], [102.14118696493638, 6.221636053894628], [101.81428185425798, 5.810808417174242], [101.15421878459387, 5.691384182147715], [101.07551557821336, 6.204867051615921], [100.25959638875696, 6.642824815289543], [100.0857568705271, 6.464489447450291], [99.69069054565576, 6.848212795433597], [99.51964155476963, 7.34345388430276], [98.9882528015123, 7.907993068875328], [98.503786248776, 8.382305202666288], [98.339661899817, 7.794511623562386], [98.15000939330582, 8.350007432483878], [98.25915001830626, 8.973922837759801], [98.55355065307305, 9.932959906448545], [99.03812055867398, 10.960545762572437], [99.58728600463972, 11.892762762901697], [99.19635379435167, 12.80474843998867], [99.21201175333609, 13.269293728076464], [99.09775516153876, 13.827502549693278], [98.43081912637987, 14.622027696180837], [98.1920740091914, 15.123702500870351], [98.53737592976572, 15.308497422746084], [98.90334842325676, 16.17782420497612], [98.49376102091135, 16.83783559820793], [97.85912275593486, 17.567946071843664], [97.37589643757354, 18.445437730375815], [97.79778283080441, 18.627080389881755], [98.25372399291561, 19.708203029860044], [98.95967573445488, 19.752980658440947], [99.54330936075931, 20.186597601802063], [100.11598758341785, 20.417849636308187], [100.54888105672688, 20.109237982661128], [100.60629357300316, 19.508344427971224], [101.2820146016517, 19.462584947176765], [101.03593143107777, 18.408928330961615], [101.05954756063517, 17.51249725999449], [102.11359175009248, 18.109101670804165], [102.41300499879162, 17.932781683824288], [102.99870568238771, 17.9616946476916], [103.20019209189374, 18.309632066312773], [103.9564766784853, 18.24095408779688], [104.7169470560925, 17.42885895433008], [104.7793205098688, 16.44186493577145], [105.58903852745016, 15.570316066952858], [105.54433841351769, 14.723933620660418], [105.21877689007889, 14.273211778210694], [104.28141808473661, 14.416743068901367], [102.98842207236163, 14.225721136934467], [102.34809939983302, 13.394247341358223], [102.5849324890267, 12.186594956913282]]]}}, {"type": "Feature", "properties": {"scalerank": 1, "featurecla": "Admin-0country", "labelrank": 4.0, "sovereignt": "Tajikistan", "sov_a3": "TJK", "adm0_dif": 0.0, "level": 2.0, "type": "Sovereigncountry", "admin": "Tajikistan", "adm0_a3": "TJK", "geou_dif": 0.0, "geounit": "Tajikistan", "gu_a3": "TJK", "su_dif": 0.0, "subunit": "Tajikistan", "su_a3": "TJK", "brk_diff": 0.0, "name": "Tajikistan", "name_long": "Tajikistan", "brk_a3": "TJK", "brk_name": "Tajikistan", "brk_group": null, "abbrev": "Tjk.", "postal": "TJ", "formal_en": "RepublicofTajikistan", "formal_fr": null, "note_adm0": null, "note_brk": null, "name_sort": "Tajikistan", "name_alt": null, "mapcolor7": 3.0, "mapcolor8": 6.0, "mapcolor9": 2.0, "mapcolor13": 5.0, "pop_est": 7349145.0, "gdp_md_est": 13160.0, "pop_year": -99.0, "lastcensus": 2010.0, "gdp_year": -99.0, "economy": "6.Developingregion", "income_grp": "5.Lowincome", "wikipedia": -99.0, "fips_10": null, "iso_a2": "TJ", "iso_a3": "TJK", "iso_n3": "762", "un_a3": "762", "wb_a2": "TJ", "wb_a3": "TJK", "woe_id": -99.0, "adm0_a3_is": "TJK", "adm0_a3_us": "TJK", "adm0_a3_un": -99.0, "adm0_a3_wb": -99.0, "continent": "Asia", "region_un": "Asia", "subregion": "CentralAsia", "region_wb": "Europe&CentralAsia", "name_len": 10.0, "long_len": 10.0, "abbrev_len": 4.0, "tiny": -99.0, "homepart": 1.0}, "geometry": {"type": "Polygon", "coordinates": [[[71.01419803252017, 40.24436554621823], [70.64801883329997, 39.93575389257117], [69.55960981636852, 40.10321137141298], [69.46488691597753, 39.5266832545487], [70.54916181832562, 39.6041979029865], [71.784693637992, 39.27946320246437], [73.6753792662548, 39.4312368841056], [73.92885216664644, 38.50581533462274], [74.25751427602273, 38.60650686294345], [74.86481570831683, 38.3788463404816], [74.8299857929521, 37.9900070257014], [74.98000247589542, 37.419990139305895], [73.9486959166465, 37.4215662704908], [73.26005577992501, 37.495256862939], [72.63688968291729, 37.047558091778356], [72.1930408059624, 36.948287665345674], [71.8446382994506, 36.73817129164692], [71.44869347523024, 37.06564484308052], [71.54191775908478, 37.905774441065645], [71.23940392444817, 37.953265082341886], [71.34813113799026, 38.25890534113216], [70.80682050973289, 38.486281643216415], [70.3763041523093, 38.13839590102752], [70.27057417184014, 37.735164699854025], [70.11657840361033, 37.58822276463209], [69.51878543485796, 37.60899669041342], [69.19627282092438, 37.15114350030743], [68.85944583524594, 37.344335842430596], [68.13556237170138, 37.02311513930431], [67.82999962755952, 37.144994004864685], [68.39203250516596, 38.15702525486874], [68.17602501818592, 38.901553453113905], [67.44221967964131, 39.140143541005486], [67.70142866401736, 39.58047842056453], [68.53641645698943, 39.53345286717894], [69.0116329283455, 40.08615814875667], [69.32949466337283, 40.72782440852485], [70.66662234892505, 40.960213324541414], [70.45815962105962, 40.49649485937029], [70.60140669137269, 40.21852733007229], [71.01419803252017, 40.24436554621823]]]}}, {"type": "Feature", "properties": {"scalerank": 1, "featurecla": "Admin-0country", "labelrank": 4.0, "sovereignt": "Turkmenistan", "sov_a3": "TKM", "adm0_dif": 0.0, "level": 2.0, "type": "Sovereigncountry", "admin": "Turkmenistan", "adm0_a3": "TKM", "geou_dif": 0.0, "geounit": "Turkmenistan", "gu_a3": "TKM", "su_dif": 0.0, "subunit": "Turkmenistan", "su_a3": "TKM", "brk_diff": 0.0, "name": "Turkmenistan", "name_long": "Turkmenistan", "brk_a3": "TKM", "brk_name": "Turkmenistan", "brk_group": null, "abbrev": "Turkm.", "postal": "TM", "formal_en": "Turkmenistan", "formal_fr": null, "note_adm0": null, "note_brk": null, "name_sort": "Turkmenistan", "name_alt": null, "mapcolor7": 3.0, "mapcolor8": 2.0, "mapcolor9": 1.0, "mapcolor13": 9.0, "pop_est": 4884887.0, "gdp_md_est": 29780.0, "pop_year": -99.0, "lastcensus": 1995.0, "gdp_year": -99.0, "economy": "6.Developingregion", "income_grp": "3.Uppermiddleincome", "wikipedia": -99.0, "fips_10": null, "iso_a2": "TM", "iso_a3": "TKM", "iso_n3": "795", "un_a3": "795", "wb_a2": "TM", "wb_a3": "TKM", "woe_id": -99.0, "adm0_a3_is": "TKM", "adm0_a3_us": "TKM", "adm0_a3_un": -99.0, "adm0_a3_wb": -99.0, "continent": "Asia", "region_un": "Asia", "subregion": "CentralAsia", "region_wb": "Europe&CentralAsia", "name_len": 12.0, "long_len": 12.0, "abbrev_len": 6.0, "tiny": -99.0, "homepart": 1.0}, "geometry": {"type": "Polygon", "coordinates": [[[61.210817091725744, 35.650072333309225], [61.123070509694145, 36.491597194966246], [60.37763797388388, 36.52738312432837], [59.23476199731681, 37.41298798273034], [58.436154412678206, 37.5223094752438], [57.330433790928986, 38.02922943781094], [56.61936608259282, 38.121394354803485], [56.18037479027333, 37.93512665460743], [55.51157840355191, 37.96411713312317], [54.800303989486565, 37.392420762678185], [53.92159793479556, 37.19891836196126], [53.73551110211252, 37.90613617609169], [53.880928582581845, 38.95209300389536], [53.1010278664329, 39.29057363540713], [53.35780805849123, 39.97528636327445], [52.69397260926982, 40.03362905533197], [52.915251092343624, 40.87652334244473], [53.858139275941134, 40.63103445084218], [54.73684533063215, 40.95101491959346], [54.008310988181314, 41.55121084244742], [53.72171349469059, 42.12319143327003], [52.916749708880076, 41.86811656347733], [52.81468875510362, 41.13537059179471], [52.50245975119615, 41.78331553808637], [52.944293247291654, 42.11603424739759], [54.07941775901495, 42.32410940202083], [54.75534549339264, 42.043971462566574], [55.45525109235377, 41.25985911718584], [55.96819135928291, 41.30864166926936], [57.0963912290791, 41.32231008561057], [56.932215203687804, 41.826026109375604], [57.78652998233708, 42.17055288346552], [58.62901085799146, 42.75155101172305], [59.976422153569786, 42.22308197689021], [60.083340691981675, 41.425146185871405], [60.465952996670694, 41.22032664648255], [61.54717898951356, 41.266370347654615], [61.88271406438469, 41.084856879229406], [62.374260288345006, 40.05388621679039], [63.51801476426103, 39.36325653742564], [64.17022301621677, 38.892406724598246], [65.2159989765074, 38.4026950139843], [66.54615034370022, 37.97468496352687], [66.51860680528867, 37.36278432875879], [66.21738488145934, 37.39379018813392], [65.74563073106683, 37.66116404881207], [65.58894778835784, 37.30521678318564], [64.7461051776774, 37.111817735333304], [64.5464791197339, 36.31207326918427], [63.98289594915871, 36.0079574651466], [63.19353844590035, 35.857165635718914], [62.98466230657661, 35.40404083916762], [62.230651483005886, 35.270663967422294], [61.210817091725744, 35.650072333309225]]]}}, {"type": "Feature", "properties": {"scalerank": 1, "featurecla": "Admin-0country", "labelrank": 5.0, "sovereignt": "EastTimor", "sov_a3": "TLS", "adm0_dif": 0.0, "level": 2.0, "type": "Sovereigncountry", "admin": "EastTimor", "adm0_a3": "TLS", "geou_dif": 0.0, "geounit": "EastTimor", "gu_a3": "TLS", "su_dif": 0.0, "subunit": "EastTimor", "su_a3": "TLS", "brk_diff": 0.0, "name": "Timor-Leste", "name_long": "Timor-Leste", "brk_a3": "TLS", "brk_name": "Timor-Leste", "brk_group": null, "abbrev": "T.L.", "postal": "TL", "formal_en": "DemocraticRepublicofTimor-Leste", "formal_fr": null, "note_adm0": null, "note_brk": null, "name_sort": "Timor-Leste", "name_alt": "EastTimor", "mapcolor7": 2.0, "mapcolor8": 2.0, "mapcolor9": 4.0, "mapcolor13": 3.0, "pop_est": 1131612.0, "gdp_md_est": 2520.0, "pop_year": -99.0, "lastcensus": 2010.0, "gdp_year": -99.0, "economy": "7.Leastdevelopedregion", "income_grp": "4.Lowermiddleincome", "wikipedia": -99.0, "fips_10": null, "iso_a2": "TL", "iso_a3": "TLS", "iso_n3": "626", "un_a3": "626", "wb_a2": "TP", "wb_a3": "TMP", "woe_id": -99.0, "adm0_a3_is": "TLS", "adm0_a3_us": "TLS", "adm0_a3_un": -99.0, "adm0_a3_wb": -99.0, "continent": "Asia", "region_un": "Asia", "subregion": "South-EasternAsia", "region_wb": "EastAsia&Pacific", "name_len": 11.0, "long_len": 11.0, "abbrev_len": 4.0, "tiny": -99.0, "homepart": 1.0}, "geometry": {"type": "Polygon", "coordinates": [[[124.96868248911623, -8.892790215697083], [125.08624637258026, -8.65688730228468], [125.94707238169826, -8.432094821815035], [126.64470421763855, -8.398246758663852], [126.95724328013983, -8.273344821814398], [127.33592817597463, -8.397316582882603], [126.96799197805655, -8.668256117388893], [125.9258850444586, -9.106007175333353], [125.08852013560109, -9.393173109579294], [125.07001997284061, -9.089987481322872], [124.96868248911623, -8.892790215697083]]]}}, {"type": "Feature", "properties": {"scalerank": 1, "featurecla": "Admin-0country", "labelrank": 3.0, "sovereignt": "Uzbekistan", "sov_a3": "UZB", "adm0_dif": 0.0, "level": 2.0, "type": "Sovereigncountry", "admin": "Uzbekistan", "adm0_a3": "UZB", "geou_dif": 0.0, "geounit": "Uzbekistan", "gu_a3": "UZB", "su_dif": 0.0, "subunit": "Uzbekistan", "su_a3": "UZB", "brk_diff": 0.0, "name": "Uzbekistan", "name_long": "Uzbekistan", "brk_a3": "UZB", "brk_name": "Uzbekistan", "brk_group": null, "abbrev": "Uzb.", "postal": "UZ", "formal_en": "RepublicofUzbekistan", "formal_fr": null, "note_adm0": null, "note_brk": null, "name_sort": "Uzbekistan", "name_alt": null, "mapcolor7": 2.0, "mapcolor8": 3.0, "mapcolor9": 5.0, "mapcolor13": 4.0, "pop_est": 27606007.0, "gdp_md_est": 71670.0, "pop_year": -99.0, "lastcensus": 1989.0, "gdp_year": -99.0, "economy": "6.Developingregion", "income_grp": "4.Lowermiddleincome", "wikipedia": -99.0, "fips_10": null, "iso_a2": "UZ", "iso_a3": "UZB", "iso_n3": "860", "un_a3": "860", "wb_a2": "UZ", "wb_a3": "UZB", "woe_id": -99.0, "adm0_a3_is": "UZB", "adm0_a3_us": "UZB", "adm0_a3_un": -99.0, "adm0_a3_wb": -99.0, "continent": "Asia", "region_un": "Asia", "subregion": "CentralAsia", "region_wb": "Europe&CentralAsia", "name_len": 10.0, "long_len": 10.0, "abbrev_len": 4.0, "tiny": 5.0, "homepart": 1.0}, "geometry": {"type": "Polygon", "coordinates": [[[66.51860680528867, 37.36278432875879], [66.54615034370022, 37.97468496352687], [65.2159989765074, 38.4026950139843], [64.17022301621677, 38.892406724598246], [63.51801476426103, 39.36325653742564], [62.374260288345006, 40.05388621679039], [61.88271406438469, 41.084856879229406], [61.54717898951356, 41.266370347654615], [60.465952996670694, 41.22032664648255], [60.083340691981675, 41.425146185871405], [59.976422153569786, 42.22308197689021], [58.62901085799146, 42.75155101172305], [57.78652998233708, 42.17055288346552], [56.932215203687804, 41.826026109375604], [57.0963912290791, 41.32231008561057], [55.96819135928291, 41.30864166926936], [55.928917270741096, 44.99585846615911], [58.50312706892847, 45.58680430763283], [58.689989048095896, 45.50001373959863], [60.23997195825834, 44.78403677019473], [61.05831994003245, 44.40581696225051], [62.01330040878625, 43.50447663021565], [63.18578698105657, 43.650074978198006], [64.90082441595928, 43.72808055274258], [66.09801232286509, 42.997660020513095], [66.02339155463562, 41.99464630794398], [66.51064863471572, 41.98764415136844], [66.71404707221652, 41.1684435084615], [67.98585574735182, 41.13599070898222], [68.25989586779562, 40.6623245305949], [68.63248294462002, 40.66868073176681], [69.07002729683532, 41.38424428971237], [70.3889648782208, 42.08130768489745], [70.96231489449914, 42.266154283205495], [71.25924767444823, 42.16771067968946], [70.42002241402821, 41.51999827734314], [71.1578585142916, 41.14358714452912], [71.87011478057047, 41.392900092121266], [73.05541710804917, 40.866033026689465], [71.77487511585656, 40.14584442805378], [71.01419803252017, 40.24436554621823], [70.60140669137269, 40.21852733007229], [70.45815962105962, 40.49649485937029], [70.66662234892505, 40.960213324541414], [69.32949466337283, 40.72782440852485], [69.0116329283455, 40.08615814875667], [68.53641645698943, 39.53345286717894], [67.70142866401736, 39.58047842056453], [67.44221967964131, 39.140143541005486], [68.17602501818592, 38.901553453113905], [68.39203250516596, 38.15702525486874], [67.82999962755952, 37.144994004864685], [67.07578209825962, 37.35614390720929], [66.51860680528867, 37.36278432875879]]]}}, {"type": "Feature", "properties": {"scalerank": 1, "featurecla": "Admin-0country", "labelrank": 2.0, "sovereignt": "Vietnam", "sov_a3": "VNM", "adm0_dif": 0.0, "level": 2.0, "type": "Sovereigncountry", "admin": "Vietnam", "adm0_a3": "VNM", "geou_dif": 0.0, "geounit": "Vietnam", "gu_a3": "VNM", "su_dif": 0.0, "subunit": "Vietnam", "su_a3": "VNM", "brk_diff": 0.0, "name": "Vietnam", "name_long": "Vietnam", "brk_a3": "VNM", "brk_name": "Vietnam", "brk_group": null, "abbrev": "Viet.", "postal": "VN", "formal_en": "SocialistRepublicofVietnam", "formal_fr": null, "note_adm0": null, "note_brk": null, "name_sort": "Vietnam", "name_alt": null, "mapcolor7": 5.0, "mapcolor8": 6.0, "mapcolor9": 5.0, "mapcolor13": 4.0, "pop_est": 86967524.0, "gdp_md_est": 241700.0, "pop_year": -99.0, "lastcensus": 2009.0, "gdp_year": -99.0, "economy": "5.Emergingregion:G20", "income_grp": "4.Lowermiddleincome", "wikipedia": -99.0, "fips_10": null, "iso_a2": "VN", "iso_a3": "VNM", "iso_n3": "704", "un_a3": "704", "wb_a2": "VN", "wb_a3": "VNM", "woe_id": -99.0, "adm0_a3_is": "VNM", "adm0_a3_us": "VNM", "adm0_a3_un": -99.0, "adm0_a3_wb": -99.0, "continent": "Asia", "region_un": "Asia", "subregion": "South-EasternAsia", "region_wb": "EastAsia&Pacific", "name_len": 7.0, "long_len": 7.0, "abbrev_len": 5.0, "tiny": 2.0, "homepart": 1.0}, "geometry": {"type": "Polygon", "coordinates": [[[108.05018029178294, 21.55237986906012], [106.7150679870901, 20.69685069425202], [105.88168216351903, 19.752050482659698], [105.66200564984631, 19.05816518806057], [106.42681684776602, 18.004120998603227], [107.36195356651974, 16.697456569887052], [108.26949507042963, 16.07974233648615], [108.87710656131748, 15.27669057867044], [109.33526981001722, 13.426028347217724], [109.20013593957398, 11.666859239137764], [108.36612999881545, 11.008320624226272], [107.22092858279524, 10.364483954301832], [106.40511274620343, 9.53083974856932], [105.15826378786511, 8.599759629750494], [104.79518517458239, 9.241038316276502], [105.07620161338562, 9.918490505406808], [104.33433475140347, 10.48654368737523], [105.19991499229235, 10.889309800658097], [106.24967003786946, 10.961811835163587], [105.81052371625313, 11.567614650921229], [107.49140302941089, 12.337205918827948], [107.61454796756243, 13.535530707244206], [107.38272749230109, 14.202440904186972], [107.5645251811039, 15.20217316330556], [107.3127059265456, 15.90853831630318], [106.55600792849569, 16.604283962464805], [105.92576216026403, 17.48531545660896], [105.09459842328152, 18.66697459561108], [103.89653201702671, 19.265180975821806], [104.18338789267894, 19.62466807706022], [104.8225736836971, 19.886641750563882], [104.43500044150805, 20.75873322192153], [103.20386111858645, 20.76656220141375], [102.75489627483466, 21.675137233969465], [102.17043582561358, 22.464753119389304], [102.7069922221001, 22.708795070887675], [103.50451460166056, 22.70375661873921], [104.47685835166448, 22.819150092046968], [105.32920942588663, 23.352063300056912], [105.81124718630522, 22.976892401617903], [106.72540327354847, 22.79426788989842], [106.56727339073532, 22.21820486092477], [107.04342003787264, 21.811898912029914], [108.05018029178294, 21.55237986906012]]]}}]}